id,uuid,parent_id,city_id,fixed,name,subname,address,modified_at,deleted_at,synced_at,pick_up,drop_off,alt_name,venue_uuid,instructions_reference
"23520",ee0f90b6-6729-411a-b1b2-bd36bfe340e6,,"4373","1",Beberibe Center,Entrada,,2025/11/18 07:12:53.299,,2025/11/18 09:35:05.801,"1","1",,3c3f76c6-9a18-4d34-8033-5ae53750f5a5,
"23530",a33fcb98-e30b-4851-9bf3-59911933dfd7,,"4373","1",O Rei do Arrumadinho,Entrada,O Rei do Arrumadinho,2025/11/18 07:12:53.299,,2025/11/18 09:35:05.801,"1","1",,9b54b130-cc49-4131-ae4d-1cab7edf3bfb,
"23450",22f58edd-14c8-4f64-9731-724a3131edf7,,"4373","1",Centro Médico Sen. José Ermírio de Moraes,Entrada,Centro Médico Sen. José Ermírio de Moraes,2025/11/18 07:12:53.299,,2025/11/18 09:35:05.801,"1","1",,d71fcb6e-3411-4696-99c0-fca82076ac9c,
"23454",7cf98c54-a8e0-423e-a5fe-7e8558a58d07,,"4373","1",Residencial Ruy Frazão,Rua Vinte e Um de Abril 773,Residencial Ruy Frazão,2025/11/18 07:12:53.299,,2025/11/18 09:35:05.801,"1","1",,f24a97dc-0c5a-4dff-9f30-618bfddf6128,
"23455",c3383487-5b34-42ef-9e4a-f90246340955,,"4373","1",Golden Beach,Entrada,Golden Beach,2025/11/18 07:12:53.299,,2025/11/18 09:35:05.801,"1","1",,50c432a2-1d1c-4f24-a23a-70eeb973aca0,
"23456",b74c74c2-c633-4320-8ab1-d04bda431be0,,"4373","1",Novo Atacarejo Várzea,Entrada,Novo Atacarejo Várzea,2025/11/18 07:12:53.299,,2025/11/18 09:35:05.801,"1","0",,c76a6d4a-af7d-48c7-9e31-8bafb266d162,
"23457",6726e955-5ad7-40a2-b0e9-517437bf6fa8,,"4373","1",Campo do Onze,Entrada,Campo do Onze,2025/11/18 07:12:53.299,,2025/11/18 09:35:05.801,"1","1",,ac51b571-c0de-4907-8ac9-db0f14ac90ad,
"23464",43edb097-d5e8-429c-b3d8-da6a173df288,,"4373","1",Defensoria Pública da União,Entrada,Defensoria Pública da União,2025/11/18 07:12:53.299,,2025/11/18 09:35:05.801,"1","1",,da958ea0-cf9a-4c94-83e3-7c96bc5b0b6e,
"23465",b88652eb-757d-4774-810e-2c3523c788db,,"4373","1",Mercadinho Lemos,Entrada,Mercadinho Lemos,2025/11/18 07:12:53.299,,2025/11/18 09:35:05.801,"1","1",,afce9089-3a4a-407b-b7cd-ec130fcf98e9,
"23466",4acfa7c5-4e33-4ade-aa0d-1a16f23148f4,,"4373","1",Feira de Rio Doce,Entrada principal,,2025/11/18 07:12:53.299,,2025/11/18 09:35:05.801,"1","1",,70259b36-d892-4429-bc26-70b4d4293411,
"23485",80fe8194-53e5-4a05-8948-1f28698bd1e8,,"4373","1",Eros Hotel,Entrada,Eros Hotel,2025/11/18 07:12:53.299,,2025/11/18 09:35:05.801,"1","1",,976f013d-2468-4ba1-bac5-5d9c40da2d11,
"23486",6ed0cae3-7339-4cc2-a7d9-9695b0423edc,,"4373","1",Estação Monte dos Guararapes,Entrada,Estação Monte dos Guararapes,2025/11/18 07:12:53.299,,2025/11/18 09:35:05.801,"1","0",,c9b9f038-9c45-48ca-87db-f77fe01a1ff9,
"23330",a55c2f5f-f317-4665-a8f2-18a3128f2ee7,,"4373","1",Clube Ferroviário de Afogados,Entrada,Clube Ferroviário de Afogados,2025/11/18 07:12:53.299,,2025/11/18 09:35:05.801,"1","1",,8b923146-1dd2-45df-bb55-79fc67529949,
"23531",fc537e85-4f77-4026-946c-d97ce56cc032,,"4373","1",COPE Centro Oftalmológico de Pernambuco,Entrada,COPE Centro Oftalmológico de Pernambuco,2025/11/18 07:12:53.299,,2025/11/18 09:35:05.801,"1","0",,78fab3bd-655f-4dfd-907f-4b2945385b88,
"23545",aed7ca0a-aee1-4aa3-a01e-dcd510079b11,,"4373","1",Estação Camaragibe,Entrada,Estação Camaragibe,2025/11/18 07:12:53.299,,2025/11/18 09:35:05.801,"1","1",,df41564f-cb80-4107-9b68-ddf5391e303c,
"23546",4e840864-e765-4b18-a6c9-044a57448b6a,,"4373","1",Splash Eco Park,Entrada,Splash Eco Park,2025/11/18 07:12:53.299,,2025/11/18 09:35:05.801,"1","1",,4dc760b4-d1be-473c-84ad-63d900ad37a2,
"23547",eb519fb6-6c60-451a-a69a-f7e281dab28c,,"4373","1",Estácio do Recife,Entrada,Estácio do Recife,2025/11/18 07:12:53.299,,2025/11/18 09:35:05.801,"1","1",,b3f8a787-7128-449d-a445-d99ea0ddec89,
"23548",c98652f8-1039-419c-9a98-98bf19a5cc0d,,"4373","1",Residence Club Da. Genny André Gomes,Entrada,Residence Club Da. Genny André Gomes,2025/11/18 07:12:53.299,,2025/11/18 09:35:05.801,"1","0",,513eb0bd-9f37-4468-b9dc-24093abb219c,
"23549",ff168109-5533-4a97-9ec4-2c3885c5fb3a,,"4373","1",Mercado Público de Nova Descoberta,Entrada principal,,2025/11/18 07:12:53.299,,2025/11/18 09:35:05.801,"1","1",,a7058502-6b57-45a2-b5db-d83dcc315525,
"23266",3c872bae-e971-4edf-96d5-273adb0c9ee7,,"4373","1",Hospital Emergência Hapvida Pediatria e Adulto Caxangá,Entrada,,2025/11/18 07:12:53.299,,2025/11/18 09:35:05.801,"1","1",,0d46a8cd-dcc0-47e3-9450-7f80699801f3,
"23275",84f21edc-5e18-4d3c-8aa8-148aebaecdb7,,"4373","1",Terminal Jardim Monte Verde,Zona de taxis,Terminal Jardim Monte Verde,2025/11/18 07:12:53.299,,2025/11/18 09:35:05.801,"1","0",,1e4e9a25-b975-416d-b1c6-a0dc3139208e,
"23276",3965765e-5835-429b-aac9-75537a556eb3,,"4373","1",Terminal de ônibus de Dois Unidos,Zona de taxis,Terminal de ônibus de Dois Unidos,2025/11/18 07:12:53.299,,2025/11/18 09:35:05.801,"1","0",,ed069828-9092-4ea9-8e8f-717c202b100d,
"23281",27e2eebd-1a8c-4219-8fa4-45fea7852f94,,"4373","1",UNINASSAU Graças - Bloco E,Entrada,UNINASSAU Graças - Bloco E,2025/11/18 07:12:53.299,,2025/11/18 09:35:05.801,"1","1",,e6c2551a-874d-41ac-99d3-d189717b3fb8,
"23475",07631897-7192-458e-ab25-f4451e85a1fd,,"4373","1",Escola de Samba Gigantes do Samba,Entrada,Escola de Samba Gigantes do Samba,2025/11/18 07:12:53.299,,2025/11/18 09:35:05.801,"1","1",,a3ad11ad-638f-402e-8ab1-a90f9fa63895,
"23477",fe5e71aa-4eff-490f-929a-6f0e5a81e731,,"4373","1",Residencial Vila do Mar,Entrada,Residencial Vila do Mar,2025/11/18 07:12:53.299,,2025/11/18 09:35:05.801,"1","1",,64eb8c1a-596a-4428-90c5-5a9ac7d6e90c,
"23478",ceab131b-520e-4934-bc4c-f067cc92b5e7,,"4373","1",Escola Octávio de Meira Lins,Entrada,Escola Octávio de Meira Lins,2025/11/18 07:12:53.299,,2025/11/18 09:35:05.801,"1","1",,cd7182aa-2fbf-4ef0-b043-4d525188ceeb,
"23479",47109282-c7b7-4966-8431-c96af44532f7,,"4373","1",Vila Olímpica,Entrada,Vila Olímpica,2025/11/18 07:12:53.299,,2025/11/18 09:35:05.801,"1","1",,ddbc1b8d-8c8f-40a2-b675-8a8117edd1cc,
"23451",c77dd684-c7fd-43a4-9d27-4140aceac45f,,"4373","1",Dona Coxa,Entrada,Dona Coxa,2025/11/18 07:12:53.299,2025/11/14 10:06:48.828,2025/11/18 09:35:05.801,"1","1",,44a19b9c-0c06-4f46-afe4-8b5882506f6a,
"23460",28cfccf1-8f4c-4db8-8d4b-e9c62c5f96a1,,"4373","1",Supermercado 5 Estrelas,Entrada,Supermercado 5 Estrelas,2025/11/18 07:12:53.299,,2025/11/18 09:35:05.801,"1","1",,b81cef71-34c6-471c-820d-4fed8e23fc7a,
"23461",049ac384-599d-427f-8e3c-9e6bbc2daf19,,"4373","1",Mercadinho Popular,Entrada,Mercadinho Popular,2025/11/18 07:12:53.299,,2025/11/18 09:35:05.801,"1","1",,15309571-33e8-400f-86ea-6ae6b13ee2f5,
"23361",78feba11-1583-441a-9281-551a8b64ebd6,,"4373","1",Carrefour Hipermercado,Entrada,Carrefour Hipermercado,2025/11/18 07:12:53.299,,2025/11/18 09:35:05.801,"1","1",,bdf12ebc-59f2-4d75-904a-cb0d55b6a1f1,
"23476",8e1e1a27-c723-4ab9-90f0-16303d9224e6,,"4373","1",Caixa,Avenida Bernardo Vieira de Melo 941,Caixa,2025/11/18 07:12:53.299,,2025/11/18 09:35:05.801,"1","1",,f859b1c1-4c60-431a-a571-ca69bbf6fd61,
"23521",75ace6c0-2957-438d-b1fc-88ff76d21827,,"4373","1",USF - Casarão do Cordeiro,Entrada,USF - Casarão do Cordeiro,2025/11/18 07:12:53.299,,2025/11/18 09:35:05.801,"1","0",,a26e86f2-1dd0-4827-a0fd-ab8fbb64faa4,
"23522",12006e98-41a9-4bae-a432-3d7d52410cb5,,"4373","1",Asinha do Tonho,Entrada,Asinha do Tonho,2025/11/18 07:12:53.299,,2025/11/18 09:35:05.801,"1","1",,1a1f978e-284e-4771-84ac-3406648fbf04,
"23523",175edbbd-d42e-4d15-bc62-0ca7beea95d1,,"4373","1",Cristal Hotel II,Entrada,Cristal Hotel II,2025/11/18 07:12:53.299,,2025/11/18 09:35:05.801,"1","0",,047c9f43-a34e-442b-ab8c-baad4b40012b,
"23524",6c90cc07-2851-4608-9c31-acc8dbe001c1,,"4373","1",Goa Motel,Entrada,Goa Motel,2025/11/18 07:12:53.299,,2025/11/18 09:35:05.801,"1","1",,c7dd177d-3aa6-4833-a578-c3585aba0179,
"23525",653b58dd-ecef-477a-b4f3-740dfe0e86e6,,"4373","1",Assaí Atacadista,Entrada,Assaí Atacadista,2025/11/18 07:12:53.299,,2025/11/18 09:35:05.801,"1","1",,6704b614-ea46-4303-8c66-10e9dfcc669c,
"23526",701e3343-1faf-4d1a-90a6-f9fa1190e7d4,,"4373","1",Caixa Econômica Federal - Prazeres,Entrada,Caixa Econômica Federal - Prazeres,2025/11/18 07:12:53.299,,2025/11/18 09:35:05.801,"1","1",,e7b9457d-e906-489e-82e9-35ffa6a78d23,
"23508",0f470dbb-c13f-40e4-a9be-42514fc99323,,"4373","1",Leve Mais - Barra de Jangada,Entrada,,2025/11/18 07:12:53.299,,2025/11/18 09:35:05.801,"1","1",,2d0ab256-b62d-449a-a869-b87c6d4ec11e,
"23509",8a5be16d-cef1-4293-8099-14a73f58a48d,,"4373","1",Boteco Qual a Boa,Entrada,,2025/11/18 07:12:53.299,,2025/11/18 09:35:05.801,"1","1",,707208c3-e8cc-4f36-a220-a3f89eeb9edb,
"23150",d978d372-f10d-4f23-bd4a-8abad99fa8f1,,"4373","1",UPA Torrões - Unidade de Pronto Atendimento Dulce Sampaio,Urgência,,2025/11/18 07:12:53.299,,2025/11/18 09:35:05.801,"1","0",,031dac01-7319-4465-a03d-2c1c24cfaab6,
"23480",c83a1272-e2c8-4b41-b4a9-a392ababff08,,"4373","1",Hospital Santa Joana Recife,Entrada principal,,2025/11/18 07:12:53.299,,2025/11/18 09:35:05.801,"1","1",,764b8816-dce3-4499-934b-92bbd6d55114,
"23481",0d2e8ba2-20c2-424a-aac5-de81aa3c6336,,"4373","1",Hospital Santa Joana Recife,Entrada,,2025/11/18 07:12:53.299,,2025/11/18 09:35:05.801,"1","0",,764b8816-dce3-4499-934b-92bbd6d55114,
"23482",3dabceee-3b68-440e-87ea-7fceb87d1e68,,"4373","1",Nacional E. Clube,Entrada,,2025/11/18 07:12:53.299,,2025/11/18 09:35:05.801,"1","1",,26f8b96e-eb58-4065-bf24-78b8122dc97b,
"23452",c6d965f7-5ab9-4bdc-a6c6-5a8da789f7c6,,"4373","1",Hospital Memorial Jaboatāo,Ambulatorio,Hospital Memorial Jaboatāo,2025/11/18 07:12:53.299,,2025/11/18 09:35:05.801,"1","1",,ca6c35d6-132a-4fc9-8404-7890cdac769a,
"23453",8497115a-1c2e-4f01-af8f-a5504d9dd935,,"4373","1",Cemitério Público de Águas Compridas,Entrada,Cemitério Público de Águas Compridas,2025/11/18 07:12:53.299,,2025/11/18 09:35:05.801,"1","1",,0f6adc06-44b2-4a3d-8499-ef27a34cad01,
"23458",aa07cbb4-6fee-4a40-abd9-59109ed95761,,"4373","1",Mini Mundo Comedoria & Boteco,Entrada,Mini Mundo Comedoria & Boteco,2025/11/18 07:12:53.299,,2025/11/18 09:35:05.801,"1","1",,4aac3f54-30a1-4434-8e77-dabf2a9cfa8f,
"23459",a831827c-25c7-40a9-b650-0a34da42b8df,,"4373","1",Americanas,Entrada,Americanas,2025/11/18 07:12:53.299,,2025/11/18 09:35:05.801,"1","1",,3a4fcb15-3140-4413-acd6-6b17a84b7ac3,
"23022",c194ffda-09ec-4135-bced-6ee36c7d8803,,"4373","1",Aeroporto Internacional do Recife/Guararapes - Gilberto Freyre (REC),Aeroporto Internacional do Recife/Guararapes - Gilberto Freyre (REC),,2025/11/18 07:12:53.299,,2025/11/18 09:35:05.801,"0","1",,16a26765-89cb-4e1a-80c0-e6d1140fe915,
"23540",80f7f34f-bd66-4d6e-8785-345c4c39b2fb,,"4373","1",Residencial Primavera I,Entrada,,2025/11/18 07:12:53.299,,2025/11/18 09:35:05.801,"1","1",,4696b285-4099-4194-af29-5228edaa7f2b,
"23158",6e05be79-c610-4591-9b9b-dfc0a97258a3,,"4373","1",Casa Pio Calçados LJ 34 - Santo Antônio,Entrada desde el Av.  Dantas Barreto,,2025/11/18 07:12:53.299,,2025/11/18 09:35:05.801,"1","0",,64ea6ae0-2d8f-4f5d-b17c-1bf8b3fb109b,
"23462",9d903073-0322-4d78-9077-d942d06e98de,,"4373","1",COMPAZ - Dom Helder Câmara,Entrada,COMPAZ - Dom Helder Câmara,2025/11/18 07:12:53.299,,2025/11/18 09:35:05.801,"1","1",,63071f34-6e19-49f1-b534-3c109563b3d4,
"23463",7f4a8dc8-cb41-4d49-a54a-5f30c17c6d0d,,"4373","1",Novo Atacarejo Arthur Lundgren I,Entrada,Novo Atacarejo Arthur Lundgren I,2025/11/18 07:12:53.299,,2025/11/18 09:35:05.801,"1","1",,dacd3f8d-fe27-4532-8543-6c869cb413a9,
"23468",f7f3458a-5fab-41ba-9ba7-14abc56758c8,,"4373","1",Hospital Correia Picanço,Ambulatorio,Hospital Correia Picanço,2025/11/18 07:12:53.299,,2025/11/18 09:35:05.801,"1","0",,c3d83a75-da6f-4162-aa0a-bfd5313aa395,
"23469",eb5d9b32-d330-4295-9eb4-59c41b46c6d4,,"4373","1",Hospital Correia Picanço,Administracao,Hospital Correia Picanço,2025/11/18 07:12:53.299,,2025/11/18 09:35:05.801,"1","0",,c3d83a75-da6f-4162-aa0a-bfd5313aa395,
"23470",82d08cc0-e51b-43f1-99f4-044381d31c10,,"4373","1",Atacarejo Miranda,Entrada,Atacarejo Miranda,2025/11/18 07:12:53.299,,2025/11/18 09:35:05.801,"1","0",,52b41a76-c8b5-4334-94af-6d67ee012904,
"23471",7effb838-9f36-4fc1-aa5d-7ad9a4d0bf86,,"4373","1",Caldinho do Biu,Entrada,Caldinho do Biu,2025/11/18 07:12:53.299,,2025/11/18 09:35:05.801,"1","1",,7057f611-f241-41bf-9eb6-b0bd80628fcf,
"23169",78ff15a1-4813-4f99-a460-5a2517866ec1,,"4373","1",Atacadão - Olinda,Entrada,,2025/11/18 07:12:53.299,,2025/11/18 09:35:05.801,"1","1",,b5bcb1c9-e607-48f5-81f5-21abc9d63ad2,
"23172",d9d2dc7f-66ed-484e-a63b-978ddfa6c718,,"4373","1",Novo Atacarejo Afogados,Entrada,,2025/11/18 07:12:53.299,,2025/11/18 09:35:05.801,"1","1",,fb7baa87-ebae-4dfb-9414-18608705c596,
"23173",f668a0e1-098b-496b-b431-702829ef13d4,,"4373","1",Mix Mateus Caxangá,Entrada,,2025/11/18 07:12:53.299,,2025/11/18 09:35:05.801,"1","1",,c365891a-dfaf-458e-9efb-85d7b04c399a,
"23174",0a20ed28-6e24-4958-b6f9-f1c16a71eef4,,"4373","1",Prefeitura do Recife,Entrada,,2025/11/18 07:12:53.299,,2025/11/18 09:35:05.801,"1","1",,d4cd4b98-1d78-4bad-a6b9-c5c66f59da9d,
"23255",9f946e3e-5662-490a-9b63-5a6349fb4d19,,"4373","1",Condomínio Recanto Do Sol,Entrada,,2025/11/18 07:12:53.299,,2025/11/18 09:35:05.801,"1","1",,758caa57-53c6-44f9-98cd-a861bc776485,
"23256",e0ce55bf-65fb-4b71-bd07-9adc90a0cbfe,,"4373","1",Assaí Atacadista,Entrada,,2025/11/18 07:12:53.299,,2025/11/18 09:35:05.801,"1","1",,970abded-1f93-4f0a-a51d-57bfdfbfbb28,
"23286",e5b5d6a1-6079-4a8b-9758-1bf058049451,,"4373","1",Upa,Entrada,,2025/11/18 07:12:53.299,,2025/11/18 09:35:05.801,"1","1",,65f56d76-8397-46f3-9c41-b63c37e1237f,
"23261",24a17fcf-1164-47e4-8d69-7ae804803a1d,,"4373","1",Assaí Atacadista,Entrada,Assaí Atacadista,2025/11/18 07:12:53.299,,2025/11/18 09:35:05.801,"1","1",,fcd01273-4706-41cb-b5da-0df53626e856,
"23293",690f56d4-ef65-4827-ba7b-ab2e97205bc9,,"4373","1",Basílica de Nossa Senhora do Carmo,Entrada,Basílica de Nossa Senhora do Carmo,2025/11/18 07:12:53.299,,2025/11/18 09:35:05.801,"1","1",,32ae19e3-a44b-4b9f-8d43-64659d0ba4ff,
"23351",351c8be8-4dba-4f87-8faa-f62ce98dc99f,,"4373","1",Condomínio Parque Janga,Entrada,Condomínio Parque Janga,2025/11/18 07:12:53.299,,2025/11/18 09:35:05.801,"1","1",,51131ff9-4c1d-44cf-ad24-52ec84d41b0a,
"23352",e7eb841d-997c-469d-b0ff-8fa3afec278c,,"4373","1",Status Motel Perimetral,Entrada,Status Motel Perimetral,2025/11/18 07:12:53.299,,2025/11/18 09:35:05.801,"1","1",,b03316d1-421e-4e01-aa58-75e83fb1e1a6,
"23353",74417bf3-013a-4681-a759-b891bede7f72,,"4373","1",UPA Engenho Velho,Entrada,UPA Engenho Velho,2025/11/18 07:12:53.299,,2025/11/18 09:35:05.801,"1","1",,c00e4e17-d59a-40c4-9245-c4facd28e054,
"23747",9b6f5be2-4692-44cf-8782-7dede6c5d4ca,,"4373","1",UPA Torrões - Unidade de Pronto Atendimento Dulce Sampaio,Entrada,,2025/11/03 15:15:24.578,,2025/11/04 05:55:12.271,"1","1",,031dac01-7319-4465-a03d-2c1c24cfaab6,
"23472",14eada6c-1d90-463b-ab70-8f9086b7f8e9,,"4373","1",Clube Português,Entrada,,2025/11/18 07:12:53.299,,2025/11/18 09:35:05.801,"1","1",,f2fabab2-e5d6-42b5-a211-9470d2c3970b,
"23533",a52aba7c-ba14-4bb2-82fa-53bbd3e19803,,"4373","1",UNICAP,International School,UNICAP,2025/11/18 07:12:53.299,,2025/11/18 09:35:05.801,"1","0",,5cf37615-3825-4ce0-8f99-f00a5e3ada0d,
"23534",95151528-89e0-4a97-a49c-10c5bacb05b3,,"4373","1",UNICAP,Entrada,UNICAP,2025/11/18 07:12:53.299,,2025/11/18 09:35:05.801,"1","0",,5cf37615-3825-4ce0-8f99-f00a5e3ada0d,
"23535",fc352ef3-a684-4bec-b3da-3bf6f233a048,,"4373","1",UNICAP,Bloco G,UNICAP,2025/11/18 07:12:53.299,,2025/11/18 09:35:05.801,"1","0",,5cf37615-3825-4ce0-8f99-f00a5e3ada0d,
"23536",257ef1af-a145-4a67-94d1-ef9751d2fdca,,"4373","1",Colônia Futebol Clube,Entrada,,2025/11/18 07:12:53.299,,2025/11/18 09:35:05.801,"1","1",,cb9366e7-0781-42eb-8d86-eef2f7d93fe9,
"23537",3a5a7b1f-ea85-44fe-8fff-5972e7723a0f,,"4373","1",Jardins da Roseira Condomínio Clube,Entrada,,2025/11/18 07:12:53.299,,2025/11/18 09:35:05.801,"1","1",,32bc15e3-a4a0-45ed-9b3c-13668ad093d3,
"23538",8e769bc3-3541-4f96-beda-6619ccbecb83,,"4373","1",Parque da Jaqueira,Entrada desde el R. do Futuro,,2025/11/18 07:12:53.299,,2025/11/18 09:35:05.801,"1","1",,21b4dd1e-f08d-4cfc-a0e2-c79f910e4df8,
"23354",4964e704-55af-4f87-9b7b-3ab5e0024618,,"4373","1",Praia de Piedade Condomínio Clube,Entrada,Praia de Piedade Condomínio Clube,2025/11/18 07:12:53.299,,2025/11/18 09:35:05.801,"1","1",,810d6d7b-85ac-4121-8ebe-29b78ff5511f,
"23178",0dcc9024-48f8-4e18-a323-7dc462399f0b,,"4373","1",Gildo Lanches,Entrada,Gildo Lanches,2025/11/18 07:12:53.299,,2025/11/18 09:35:05.801,"1","1",,efa3c87a-e50e-4804-bb39-ea9c50dc8aff,
"23498",4f4e872d-7be5-4481-bf3c-31f14586113b,,"4373","1",Unimed Recife Ambulatório HUR III,Entrada Torre 1,,2025/11/18 07:12:53.299,,2025/11/18 09:35:05.801,"1","1",,3e35bd54-dca2-4ec8-97da-adf7752a4e7e,
"23473",53e45bd3-08ba-4ef7-a72f-33f5d066fa58,,"4373","1",Quadra do rotary/Alto do Pascoal,Entrada,Quadra do rotary/Alto do Pascoal,2025/11/18 07:12:53.299,,2025/11/18 09:35:05.801,"1","0",,0589b5fa-5ecc-461a-b807-f285f9362ed0,
"23474",16955d4c-0b59-48ac-879b-ace69f999ce1,,"4373","1",Escola Gabriela Mistral,Entrada,Escola Gabriela Mistral,2025/11/18 07:12:53.299,,2025/11/18 09:35:05.801,"1","1",,c6923e24-53f4-4e31-a0b6-31e86dccdb8d,
"23539",e724d8c3-d75d-4322-b9d1-1e54cc60e571,,"4373","1",Parque da Jaqueira,Entrada desde el Av. Rui Barbosa,,2025/11/18 07:12:53.299,,2025/11/18 09:35:05.801,"1","1",,21b4dd1e-f08d-4cfc-a0e2-c79f910e4df8,
"23263",f81113db-7dfe-4673-8f7a-0e0d989bca4c,,"4373","1",Estação Cajueiro Seco,Entrada 2,Estação Cajueiro Seco,2025/11/18 07:12:53.299,,2025/11/18 09:35:05.801,"1","0",,dbb28741-952c-4f14-adc7-f85ed5fbf499,
"23264",7a0c72cd-dae4-40ce-a696-f62aa4701263,,"4373","1",Marcello's Music Bar,Entrada,Marcello's Music Bar,2025/11/18 07:12:53.299,,2025/11/18 09:35:05.801,"1","1",,49416b76-2bca-485f-8e9a-2e426f92d2f7,
"23331",868d92fa-aac0-41d3-a5a1-1a2d07fa5b6f,,"4373","1",Residencial Algarve,Entrada,,2025/11/18 07:12:53.299,,2025/11/18 09:35:05.801,"1","1",,e19b7d84-eb19-4336-b0b5-81fa4fd9ab91,
"23332",36220630-4822-4a1a-98aa-b27b1cc927ec,,"4373","1",Fórum Lourenço José Ribeiro (Fórum de Olinda),Entrada,,2025/11/18 07:12:53.299,,2025/11/18 09:35:05.801,"1","1",,8235d9d9-ff8d-4d86-ba6b-c769a71893d7,
"23333",1233f60a-0d9f-4a22-9c00-e04e7b097047,,"4373","1",Hospital Veterinário do Recife,Entrada,,2025/11/18 07:12:53.299,,2025/11/18 09:35:05.801,"1","1",,6bf63360-1fed-41ab-8304-ee77d6d5468d,
"23336",da648424-10ce-4863-8c84-977417809caa,,"4373","1",FPS - Faculdade Pernambucana de Saúde,Entrada,,2025/11/18 07:12:53.299,,2025/11/18 09:35:05.801,"1","1",,ea27f044-b913-4476-b9a8-806046fd948e,
"23265",49732173-240a-4a53-8b33-6d243937134b,,"4373","1",Hospital Pelópidas Silveira,Entrada,,2025/11/18 07:12:53.299,,2025/11/18 09:35:05.801,"1","1",,d0b99cef-a7f9-492b-a88c-850647f67786,
"23363",fbe88f23-edb8-4b62-bf46-633d3b76756f,,"4373","1",Parque Dona Lindu,Entrada pela Av. Visc. de Jequitinhonha,Parque Dona Lindu,2025/11/18 07:12:53.299,,2025/11/18 09:35:05.801,"1","0",,f9398b3f-032f-49f3-9265-ff167b8454bc,
"23359",4215be9c-8a16-482b-8ef0-3bd55abedbbd,,"4373","1",Hotel my love peixinhos,Entrada,Hotel my love peixinhos,2025/11/18 07:12:53.299,,2025/11/18 09:35:05.801,"1","1",,7c18d5e0-2b6a-422b-95fe-4018390b6bc8,
"23360",c5bebf37-b5a8-4f63-bb72-f771f851d8c0,,"4373","1",Seu Visconde (Visca),Entrada,Seu Visconde (Visca),2025/11/18 07:12:53.299,,2025/11/18 09:35:05.801,"1","1",,b5bcfff2-24b4-400e-89c1-cf57d74fecf4,
"23493",ff8d88c8-24f9-43bf-8026-2db888020468,,"4373","1",Parque Urbano da Macaxeira,Entrada,,2025/11/18 07:12:53.299,,2025/11/18 09:35:05.801,"1","0",,917a14e7-0c2c-4d5b-829c-ab6ef3daffe5,
"23494",93bd3ef6-03f2-4fd8-83b9-92821d717448,,"4373","1",Parque Urbano da Macaxeira,Entrada principal,,2025/11/18 07:12:53.299,,2025/11/18 09:35:05.801,"1","1",,917a14e7-0c2c-4d5b-829c-ab6ef3daffe5,
"23496",ff0937de-d47b-4a0f-9361-42b70be4863b,,"4373","1",Unimed Recife Ambulatório HUR III,Entrada torre 2,,2025/11/18 07:12:53.299,,2025/11/18 09:35:05.801,"1","1",,3e35bd54-dca2-4ec8-97da-adf7752a4e7e,
"23497",3e63f0b4-7cc6-4407-a4f0-3e73b3dd7645,,"4373","1",Unimed Recife Ambulatório HUR III,Emergência,,2025/11/18 07:12:53.299,,2025/11/18 09:35:05.801,"1","0",,3e35bd54-dca2-4ec8-97da-adf7752a4e7e,
"23258",295b9a43-204b-4031-bd15-1351e095ba3d,,"4373","1",Cavaleiro Express,Entrada,,2025/11/18 07:12:53.299,,2025/11/18 09:35:05.801,"1","1",,b546360b-02fd-483d-a78f-d20595914e3e,
"23259",6171611c-86e9-43c6-a94c-e14c7e4d1697,,"4373","1",Hospital Pelópidas Silveira,Ambulância,,2025/11/18 07:12:53.299,,2025/11/18 09:35:05.801,"1","1",,d0b99cef-a7f9-492b-a88c-850647f67786,
"23162",f86184c1-81d7-432f-8ebd-389e04379ec9,,"4373","1",Hospital dos Servidores do Estado - HSE,Entrada,Hospital dos Servidores do Estado - HSE,2025/11/18 07:12:53.299,,2025/11/18 09:35:05.801,"1","1",,fb07e104-d672-499b-97fc-8d06c5bbb3f6,
"23236",851b1cd4-2d80-4e9e-af7a-5965831f8cff,,"4373","1",Olimpikus Hotel,Entrada,Olimpikus Hotel,2025/11/18 07:12:53.299,,2025/11/18 09:35:05.801,"1","1",,3fa129b8-d2c3-4cf9-a58c-01aa29f94049,
"22259",4bd942e4-6a90-4b86-96ba-a5dff1415b52,,"4373","1",IMIP Instituto de Medicina Integral Professor Fernando Figueira,Entrada 2,IMIP Instituto de Medicina Integral Professor Fernando Figueira,2025/11/18 07:12:53.299,,2025/11/18 09:35:05.801,"1","0",,0c33173c-127f-491c-b2ca-ea346da11605,
"22381",7ce18cc8-582e-47ab-a44c-f32638f267cb,,"4373","1",Radisson Hotel Recife,Entrance,,2025/11/18 07:12:53.299,,2025/11/18 09:35:05.801,"1","1",,63c26954-ac14-4a7c-ba83-42c9f3bbd8ba,
"23165",560f322e-c33d-4d73-9104-05f3f0b3fd32,,"4373","1",Espaço Aberto,Entrada,,2025/11/18 07:12:53.299,,2025/11/18 09:35:05.801,"1","1",,d4d7cb0e-3f37-41ad-9e47-b63074637e1e,
"23166",261507d6-aea4-4f9e-a71f-38d7b50406ee,,"4373","1",Fórum Desembargador Rodolfo Aureliano,Entrada,,2025/11/18 07:12:53.299,,2025/11/18 09:35:05.801,"1","1",,a6187edf-f0a0-4d35-ac08-660ec3a83cbd,
"23503",d1d30888-5f75-44ac-86a5-fb2fde2b1938,,"4373","1",Terminal integrado da PE-15,Entrada Leste,Terminal integrado da PE-15,2025/11/18 07:12:53.299,,2025/11/18 09:35:05.801,"1","0",,6ccd5452-58ee-4df0-af66-e1056f3b75e1,
"23504",c024e6f9-4888-4106-84b8-f4b7ff1b0500,,"4373","1",Terminal integrado da PE-15,Entrada Oeste,Terminal integrado da PE-15,2025/11/18 07:12:53.299,,2025/11/18 09:35:05.801,"1","0",,6ccd5452-58ee-4df0-af66-e1056f3b75e1,
"23505",f401fd6f-5896-4890-8054-0122b89312a0,,"4373","1",Hospital Evangélico,Entrada,Hospital Evangélico,2025/11/18 07:12:53.299,,2025/11/18 09:35:05.801,"1","1",,4b919fc3-8aae-40b2-bc8a-02a29bcd7a02,
"23506",2c7853af-5d86-46bb-bdaa-dedd32187625,,"4373","1",Bar Vitória,Entrada,Bar Vitória,2025/11/18 07:12:53.299,,2025/11/18 09:35:05.801,"1","0",,387720ef-29b4-4697-8087-994b6bd40d12,
"23507",ea52b460-0c9c-4871-b0b9-9cedb793398d,,"4373","1",Grau Técnico Olinda,Entrada,Grau Técnico Olinda,2025/11/18 07:12:53.299,,2025/11/18 09:35:05.801,"1","1",,8e5cb511-c076-4a4a-9e64-5b01a77a2416,
"23527",740948d6-026f-4f47-86e0-202209a9762a,,"4373","1",Extra Mercado,Entrada,Extra Mercado,2025/11/18 07:12:53.299,,2025/11/18 09:35:05.801,"1","1",,dda324df-15e0-4813-bc87-9c2609d99f1b,
"23541",1e6d716c-140f-49b3-9253-6bf94e15e70a,,"4373","1",Empresarial Charles Darwin,Entrada,,2025/11/18 07:12:53.299,,2025/11/18 09:35:05.801,"1","1",,aef37ea9-7327-4957-9af2-d2d95928ba8c,
"23542",9552e2b0-bb4a-4773-8f59-74ebd64ec866,,"4373","1",Hospital Esperança Recife,Emergência,,2025/11/18 07:12:53.299,,2025/11/18 09:35:05.801,"1","1",,6f57a65f-83c8-4fa7-b365-74fe6534be7f,
"23224",72b73066-c930-44c0-b6c3-4736aff1e437,,"4373","1",Centro Comunitário da Paz - Compaz Governador Eduardo Campos,Centro Comunitário da Paz - Compaz Governador Eduardo Campos,NULLCentro Comunitário da Paz - Compaz Governador Eduardo Campos,2025/11/18 07:12:53.299,2025/11/13 14:30:04.655,2025/11/18 09:35:05.801,"0","1",,ecf7b0d6-f2f1-4b10-bc1c-8f6b75236c19,
"23237",283388df-4170-426a-b8b5-a2494694cfad,,"4373","1",Olimpikus Hotel,Olimpikus Hotel,Olimpikus Hotel,2025/11/18 07:12:53.299,2025/11/13 14:30:04.655,2025/11/18 09:35:05.801,"0","1",,3fa129b8-d2c3-4cf9-a58c-01aa29f94049,
"23143",462eda41-f690-4ca8-967d-8d08502b5033,,"4373","1",UNIBRA - Centro Universitário Brasileiro,UNIBRA - Centro Universitário Brasileiro,UNIBRA - Centro Universitário Brasileiro,2025/11/18 07:12:53.299,2025/11/13 14:30:04.655,2025/11/18 09:35:05.801,"0","1",,17b29ee5-3292-4abb-9182-a653aeed5c2f,
"23144",5c90ae1f-b0d3-4e20-9f0b-709325f31927,,"4373","1",Terminal Rodoviário do Recife - TIP,Terminal Rodoviário do Recife - TIP,Terminal Rodoviário do Recife - TIP,2025/11/18 07:12:53.299,2025/11/13 14:30:04.655,2025/11/18 09:35:05.801,"0","1",,e3b480ef-0ee1-4a5a-aee8-dd65deeff415,
"23148",eb9e1636-4294-4a0f-9817-a0593b82f249,,"4373","1",Mix Mateus Janga,Mix Mateus Janga,Mix Mateus Janga,2025/11/18 07:12:53.299,2025/11/13 14:30:04.655,2025/11/18 09:35:05.801,"0","1",,c0053f71-b596-4752-9216-1eea293dc39a,
"23241",c9445e45-e1ca-48be-9c98-6dbdb4cbb3db,,"4373","1",Home Center Ferreira Costa Imbiribeira,Home Center Ferreira Costa Imbiribeira,NHome Center Ferreira Costa ImbiribeiraULL,2025/11/18 07:12:53.299,2025/11/13 14:30:04.655,2025/11/18 09:35:05.801,"0","1",,b6a657d2-99bf-40b7-ae79-f17f570c906f,
"23124",2338b444-a3c2-4642-9798-8e10e3daa745,,"4373","1",UPA Olinda,UPA Olinda,NUUPA OlindaLL,2025/11/18 07:12:53.299,2025/11/13 14:30:04.655,2025/11/18 09:35:05.801,"0","1",,bb166883-d4c0-4f59-9f25-fa5199e6f208,
"23126",661a3179-ae5f-41cb-b7d8-70176e5765be,,"4373","1",Rio Mar Trade Center,Rio Mar Trade Center,Rio Mar Trade Center,2025/11/18 07:12:53.299,2025/11/13 14:30:04.655,2025/11/18 09:35:05.801,"0","1",,e401a414-7670-45ab-8a10-680a0a660ffc,
"23192",6685138f-889a-4894-b8b4-4e396fa3dff2,,"4373","1",Fundação Altino Ventura,Fundação Altino Ventura,Fundação Altino Ventura,2025/11/18 07:12:53.299,2025/11/13 14:30:04.655,2025/11/18 09:35:05.801,"0","1",,0e0a2026-551a-4697-bc7a-c8f3415bbd24,
"23199",ef40cf15-411b-4e7c-8a75-607b09eb07ae,,"4373","1",Mix Mateus Bongi - Recife,Mix Mateus Bongi - Recife,Mix Mateus Bongi - Recife,2025/11/18 07:12:53.299,2025/11/13 14:30:04.655,2025/11/18 09:35:05.801,"0","1",,273f301b-b716-44fe-9518-773233980220,
"23191",2f0b7cbb-f0c7-4bb4-b31d-6a4243b897b1,,"4373","1",Fundação Altino Ventura,Entrada,Fundação Altino Ventura,2025/11/18 07:12:53.299,,2025/11/18 09:35:05.801,"1","1",,0e0a2026-551a-4697-bc7a-c8f3415bbd24,
"23204",01908895-f98b-4793-a430-c796bb525130,,"4373","1",Novo Atacarejo Dois Irmãos,Entrada,Novo Atacarejo Dois Irmãos,2025/11/18 07:12:53.299,,2025/11/18 09:35:05.801,"1","1",,4970c3c1-7f7a-4d9e-994d-582c0893f464,
"23511",3f4d4325-5c81-4a28-87c4-28687d185b20,,"4373","1",Hotel Lua de Mel,Entrada,,2025/11/18 07:12:53.299,,2025/11/18 09:35:05.801,"1","1",,50b84f66-cb6e-478f-9392-ff0fa4a0cf55,
"23512",a062eb04-e1d5-4e08-bd60-abe2274aa898,,"4373","1",Hospital Jayme da Fonte,Entrada,,2025/11/18 07:12:53.299,,2025/11/18 09:35:05.801,"1","1",,9c4bbe03-fb6e-4dfa-8691-680d0b5df15b,
"23356",904a95af-1f2c-4022-bbcd-c1e26a507c2f,,"4373","1",Hospital Esperança Olinda,Emergencia,Hospital Esperança Olinda,2025/11/18 07:12:53.299,,2025/11/18 09:35:05.801,"1","0",,d6f3b9eb-120f-48f4-83d0-0bae9aadda60,
"23357",b0e6c407-cbe5-4c84-9e36-0dd05d1348be,,"4373","1",Hospital Esperança Olinda,Entrada,Hospital Esperança Olinda,2025/11/18 07:12:53.299,,2025/11/18 09:35:05.801,"1","1",,d6f3b9eb-120f-48f4-83d0-0bae9aadda60,
"23358",b482a904-4f36-41ea-b747-09723b4d1cb0,,"4373","1",Clube Bela Vista,Entrada,Clube Bela Vista,2025/11/18 07:12:53.299,,2025/11/18 09:35:05.801,"1","1",,8cc16b21-fecc-41de-b6c9-8399544f7d33,
"23528",296aa8fd-9719-4fba-8bda-1c18cbebb09e,,"4373","1",Sport Clube do Recife,Entrada,Sport Clube do Recife,2025/11/18 07:12:53.299,,2025/11/18 09:35:05.801,"1","0",,08ad938f-c66e-4d8d-9541-b9b9866a4558,
"23287",66ecb669-13e3-4a22-abf0-e1eb904d3a83,,"4373","1",COMPAZ IBURA - Paulo Freire,Entrada,,2025/11/18 07:12:53.299,,2025/11/18 09:35:05.801,"1","1",,8f654090-81c0-4d7c-ab14-9719ab9baee6,
"23289",d760af5c-f872-4828-a8e3-62fbb530fe6d,,"4373","1",UNINASSAU - Boa Viagem,Entrada principal,,2025/11/18 07:12:53.299,,2025/11/18 09:35:05.801,"1","1",,2ab67781-3d62-4193-943f-fe793baf5629,
"20781",4d6f6121-02a1-45c5-a024-5494f7d239f6,,"4373","1",Terminal Rodoviário do Recife - TIP,Entrada,Terminal Rodoviário do Recife - TIP,2025/11/18 07:12:53.299,,2025/11/18 09:35:05.801,"1","1",,e3b480ef-0ee1-4a5a-aee8-dd65deeff415,
"23491",47da7f7f-e96d-4333-af63-e4bdd536df84,,"4373","1",Grand Mercure Recife Boa Viagem,Entrada,,2025/11/18 07:12:53.299,,2025/11/18 09:35:05.801,"1","1",,119b3278-eda0-4e99-b643-f55dd2e2abe0,
"23492",ddf07a4b-a7a1-4a1a-87de-6885425c7534,,"4373","1",Hospital Geral Materno Infantil,Entrada,,2025/11/18 07:12:53.299,,2025/11/18 09:35:05.801,"1","1",,9534f87b-f893-4f0f-8edc-4fafaffbad55,
"23499",2ff691a7-8bdb-4463-a126-2d5c4133f8ed,,"4373","1",Escola Rosa de Magalhães Melo,Entrada,,2025/11/18 07:12:53.299,,2025/11/18 09:35:05.801,"1","1",,7025267b-da7f-41fb-86ab-07e424318cd0,
"23562",9eb33dba-e1a3-4662-af70-f2c636a4d0bd,,"4373","1",Conchittas Bar,Entrada,Conchittas Bar,2025/11/18 07:12:53.299,,2025/11/18 09:35:05.801,"1","1",,865bc97a-406a-41d4-8903-52c885341192,
"23563",8fdd309c-1b74-4d37-b81e-87341edca390,,"4373","1",hotel primavera,Entrada,hotel primavera,2025/11/18 07:12:53.299,,2025/11/18 09:35:05.801,"1","1",,b0be061a-03dd-4a61-9d2a-79a6fd9c0d7d,
"23564",12665850-f471-43e1-8769-64a9b21d11f9,,"4373","1",Presídio Policial Penal Leonardo de Moura Lago,Entrada,Presídio Policial Penal Leonardo de Moura Lago,2025/11/18 07:12:53.299,,2025/11/18 09:35:05.801,"1","1",,b397a38b-e4fe-47a1-bbb0-22b103385891,
"23565",6d394f8b-3ca0-4f32-ba3d-191c456b1635,,"4373","1",Cartório de Afagados,Entrada,Cartório de Afagados,2025/11/18 07:12:53.299,,2025/11/18 09:35:05.801,"1","1",,0300fb0c-f4cf-4972-b513-cf4b4546312b,
"23566",da0f3bf7-863c-41c7-b1a9-b9df8fcd237c,,"4373","1",Fiteiro do Douglas,Entrada,Fiteiro do Douglas,2025/11/18 07:12:53.299,,2025/11/18 09:35:05.801,"1","1",,8ca1d48e-a6ab-4d7a-90ae-4a21c9ec0c39,
"23567",33fae91d-5057-4c6c-b98e-7e59981243e0,,"4373","1",Leve Mais,Entrada,Leve Mais,2025/11/18 07:12:53.299,,2025/11/18 09:35:05.801,"1","1",,53c31fe3-3e4e-4932-a881-2032b98432f5,
"23569",f76b4d87-4a39-4726-b759-b804ed403649,,"4373","1",Fundação Bradesco,Entrada,Fundação Bradesco,2025/11/18 07:12:53.299,,2025/11/18 09:35:05.801,"1","1",,4c3f8f2f-25d2-4a00-ad57-aadcf1fc7d65,
"23570",b3ebd686-c32b-494d-b3df-33c60a782986,,"4373","1",Colégio Salesiano Recife,Entrada,Colégio Salesiano Recife,2025/11/18 07:12:53.299,,2025/11/18 09:35:05.801,"1","1",,495f2dc2-ae2f-48ad-af8f-40052a9e010a,
"23571",dcb50e33-b164-4a8d-bc6a-07d67f1ad895,,"4373","1",CEPLANC - Central de Plantões da Capital,Entrada,CEPLANC - Central de Plantões da Capital,2025/11/18 07:12:53.299,,2025/11/18 09:35:05.801,"1","1",,1ba95758-4bc0-4ebd-8bf5-8f186db24042,
"23572",7bfeccc6-ffaa-4ba7-b054-bd9d3d441f75,,"4373","1",Nb society,Entrada,Nb society,2025/11/18 07:12:53.299,,2025/11/18 09:35:05.801,"1","1",,5697c90f-f934-420b-974a-14d9e9532270,
"365",ac16a36a-7ae1-495f-9af1-0b0253545499,,"4373","1","Nível 2, South, Embarque",B4,Aeroporto Internacional do Recife,2025/11/18 07:12:53.299,,2025/11/18 09:35:05.801,"1","0",,16a26765-89cb-4e1a-80c0-e6d1140fe915,
"23774",14109991-0ed8-458b-8e6e-48678ef8347c,,"4373","1",Residencial Paulista,Entrada,,2025/11/06 09:59:20.967,,2025/11/13 05:17:20.509,"1","0",,b22a161f-2218-4769-83fb-fb755fe9f3d9,
"23190",071371b0-e919-4e6d-a787-8ea8725523f6,,"4373","1",Policlínica Lessa de Andrade,Entrada,,2025/11/18 07:12:53.299,,2025/11/18 09:35:05.801,"1","1",,e7a9559d-fa4f-42e2-ac3a-2a9f6dc01920,
"23197",64b6ea7d-1441-4caf-9fdc-23bf5dece13d,,"4373","1",Esposende Calçados,Entrada,,2025/11/18 07:12:53.299,,2025/11/18 09:35:05.801,"1","1",,67b19d99-f0f3-44e7-98ac-59643f7d3332,
"23196",145b575f-e74b-49e2-ba23-f8e300ca36b6,,"4373","1",Mix Mateus - Casa Caiada,Entrada,,2025/11/18 07:12:53.299,,2025/11/18 09:35:05.801,"1","1",,dfc68861-58f0-4b65-a592-2315e7de7d54,
"23290",ad48529c-ba7c-4d00-b27d-c0a253cc8c69,,"4373","1",UNINASSAU - Boa Viagem,Entrada,,2025/11/18 07:12:53.299,,2025/11/18 09:35:05.801,"1","0",,2ab67781-3d62-4193-943f-fe793baf5629,
"23775",1864f963-2b82-4655-8bab-8d06357d9d84,,"4373","1",Bar do Mario,Entrada,,2025/11/06 09:59:09.941,,2025/11/13 05:17:20.509,"1","1",,9ab530f1-5e61-4849-852f-f9d2955094c1,
"23776",acec403e-6ff0-4fa9-b840-fda2bcebcb94,,"4373","1",Espetinho do Bolinha,Entrada,,2025/11/06 09:59:09.941,,2025/11/13 05:17:20.509,"1","1",,1aaa7491-baeb-4052-8878-e78126bb8e37,
"23219",d8410cc3-b7fa-401a-a8da-4aa0965e4fe6,,"4373","1",Galeria 910,Entrada,Galeria 910,2025/11/18 07:12:53.299,,2025/11/18 09:35:05.801,"1","1",,dc2944ac-18dd-44c3-b4cc-10f3cb50a38f,
"23364",aa3d8680-3168-4686-8155-0c3137e310a4,,"4373","1",Speedmais,Entrada,Speedmais,2025/11/18 07:12:53.299,,2025/11/18 09:35:05.801,"1","1",,42f3afd4-177e-4017-90ff-2c6d7a241826,
"23365",a16d3109-d8e7-4047-8559-7aea3a0b6615,,"4373","1",Hospital Vasco Lucena - Hapvida,Entrada,Hospital Vasco Lucena - Hapvida,2025/11/18 07:12:53.299,,2025/11/18 09:35:05.801,"1","1",,32d59348-139a-4a82-9f55-7c66984a3303,
"23366",711a2ebf-915b-4869-97a0-b1bc1f09a277,,"4373","1",Residêncial Bajado,Entrada,Residêncial Bajado,2025/11/18 07:12:53.299,,2025/11/18 09:35:05.801,"1","1",,da837267-a635-46c3-aaf5-fe296b7812de,
"23160",00fc4cf0-de1f-4fc2-8135-9f8e0947bf62,,"4373","1",Atacadão - Recife Boa Viagem,Entrada,,2025/11/18 07:12:53.299,,2025/11/18 09:35:05.801,"1","1",,a7973c9d-28ea-49a3-9131-6d307aa43da8,
"23161",90d5bf29-98ea-4593-a897-f17fa45cb4f4,,"4373","1",Solar Coca-Cola (Prazeres),Entrada,,2025/11/18 07:12:53.299,,2025/11/18 09:35:05.801,"1","1",,7f68c431-2032-40f2-b9b0-2347dc1940e2,
"23164",3a6bf139-40f4-4062-9695-0b385175b33c,,"4373","1",Hospital Alfa,Entrada,,2025/11/18 07:12:53.299,,2025/11/18 09:35:05.801,"1","1",,5d62b2ec-99d6-4677-a827-912faf53f48c,
"23267",d71b6d1e-edd6-47e2-b03a-6c7da3401a8b,,"4373","1",Hiper Mateus Casa Forte,Entrada,Hiper Mateus Casa Forte,2025/11/18 07:12:53.299,,2025/11/18 09:35:05.801,"1","1",,9d389583-f28d-475c-8501-d23e2c780d2a,
"23306",51d8d5e7-d1be-4dad-805c-811be0b7795b,,"4373","1",Le Parc Boa Viagem,Entrada principal,,2025/11/18 07:12:53.299,,2025/11/18 09:35:05.801,"1","1",,40852cc6-ae75-4634-9b69-4fb86210812e,
"23307",9ed98958-c16c-41a3-bcee-2591b9e83d7b,,"4373","1",Le Parc Boa Viagem,Entrada,,2025/11/18 07:12:53.299,,2025/11/18 09:35:05.801,"1","0",,40852cc6-ae75-4634-9b69-4fb86210812e,
"23308",f755b56e-29a0-47fc-a86d-d807aa052da4,,"4373","1",Grau Técnico - Recife Boa Vista,Entrada,,2025/11/18 07:12:53.299,,2025/11/18 09:35:05.801,"1","1",,d5af9c76-04a8-42f2-bffe-87d2e816afad,
"23309",93e88180-3c1d-4b9c-b385-eb168a18bd9e,,"4373","1",Boi e Brasa Churrascaria Olinda,Entrada,,2025/11/18 07:12:53.299,,2025/11/18 09:35:05.801,"1","1",,49ec34dc-caf1-4158-910d-7ec3ac8c767b,
"23310",3fb2001a-6d1d-4f1b-a424-1fa1c7950b93,,"4373","1",Fórum Desembargador Henrique Capitulino,Entrada,,2025/11/18 07:12:53.299,,2025/11/18 09:35:05.801,"1","1",,85f20e95-148a-4e5c-a36e-44170852420c,
"23311",c076a0e3-70c6-4f54-966c-a8d48d131991,,"4373","1",O quintal,Entrada,,2025/11/18 07:12:53.299,,2025/11/18 09:35:05.801,"1","1",,fc01f0d4-eabd-426c-bdb0-a04cce888570,
"306",e837b7b4-c5cb-43b6-97d3-9041aa6872da,,"4373","1",Piso 2,Entrada 2,Shopping Recife,2025/11/18 07:12:53.299,,2025/11/18 09:35:05.801,"1","0",,cb3e6ba6-1312-40c2-b9af-fa4255cb4dff,
"284",625ba6f6-b9fc-49cd-a825-13193de2a97b,,"4373","1",Piso 1,Entrada 5,Shopping Recife,2025/11/18 07:12:53.299,,2025/11/18 09:35:05.801,"1","0",,cb3e6ba6-1312-40c2-b9af-fa4255cb4dff,
"285",0fbd6b13-5759-4081-9738-08dcf15a86ce,,"4373","1",Piso 1,Entrada 6,Shopping Recife,2025/11/18 07:12:53.299,,2025/11/18 09:35:05.801,"1","0",,cb3e6ba6-1312-40c2-b9af-fa4255cb4dff,
"283",1dd63570-2e0d-4999-a392-1438bd22fd66,,"4373","1",Piso 1,Entrada 4,Shopping Recife,2025/11/18 07:12:53.299,,2025/11/18 09:35:05.801,"1","0",,cb3e6ba6-1312-40c2-b9af-fa4255cb4dff,
"23218",6407b9e3-d0f5-47e1-b433-5dbfb8fb3e3c,,"4373","1",Terminal Integrado Xambá,Entrada,Terminal Integrado Xambá,2025/11/18 07:12:53.299,,2025/11/18 09:35:05.801,"1","1",,c641930e-e2a1-4c2e-b119-fb843d1f36a9,
"23226",0db83f2c-d872-4a38-a666-5aff4aee7995,,"4373","1",Atacadão - Prazeres,Atacadão - Prazeres,Atacadão - Prazeres,2025/11/18 07:12:53.299,2025/11/13 14:30:04.655,2025/11/18 09:35:05.801,"0","1",,50314f49-70dc-45cc-adf0-5ee4cb651e1b,
"23495",13aa4d61-5651-4ac2-8e56-2d9a0b6f82fe,,"4373","1",JAM Olinda - José Augusto Moreira,Entrada,JAM Olinda - José Augusto Moreira,2025/11/18 07:12:53.299,,2025/11/18 09:35:05.801,"1","0",,b0d80b20-67c2-43a3-834a-f48a2bff94c6,
"23543",f4d6c734-522e-49dd-8fd5-0f65d6fdfe18,,"4373","1",Hospital Esperança Recife,Entrada,,2025/11/18 07:12:53.299,,2025/11/18 09:35:05.801,"1","1",,6f57a65f-83c8-4fa7-b365-74fe6534be7f,
"23544",6a24df4d-8e11-4cd0-9de6-37e8929d3f94,,"4373","1",Hospital Esperança Recife,Emergência Pediátrica,,2025/11/18 07:12:53.299,,2025/11/18 09:35:05.801,"1","1",,6f57a65f-83c8-4fa7-b365-74fe6534be7f,
"23095",325b83ab-0879-45ef-8f41-d4839388c919,,"4373","1",UPA Imbirimbeira,Ambulâncias,,2025/11/18 07:12:53.299,,2025/11/18 09:35:05.801,"1","1",,6a06bc6f-9e4e-4a16-9538-1aa9739f70f5,
"23096",a7f04281-9363-4e00-8911-ee9ed541f5c8,,"4373","1",Hospital Maria Lucinda,Entrada desde el Av. Parnamirim,,2025/11/18 07:12:53.299,,2025/11/18 09:35:05.801,"1","1",,2b982a63-5e61-4e73-86fb-776e14b0864b,
"23097",07d5945a-3de6-4d20-b19e-e7e59c631732,,"4373","1",Hospital Maria Lucinda,Entrada desde el R. Leonardo Bezerra Cavalcante,,2025/11/18 07:12:53.299,,2025/11/18 09:35:05.801,"1","1",,2b982a63-5e61-4e73-86fb-776e14b0864b,
"23104",8d881ec1-cf12-444d-a615-4b4e6f6af1d0,,"4373","1",Padaria Boa Viagem,Entrada,,2025/11/18 07:12:53.299,,2025/11/18 09:35:05.801,"1","1",,9e46847f-9461-47ed-969f-5082d7a2dc9f,
"23260",d59337dc-8ceb-4e61-8c48-6c95afc3d8a2,,"4373","1",Policlínica Agamenon Magalhães (24h),Emergencia,Policlínica Agamenon Magalhães (24h),2025/11/18 07:12:53.299,,2025/11/18 09:35:05.801,"1","1",,06482952-5c9c-46dd-b578-bba155bf31f7,
"23514",55820582-c839-46c2-b357-1b63f66fc71e,,"4373","1",Atacadão - Olinda Casa Caiada,Entrada,,2025/11/18 07:12:53.299,,2025/11/18 09:35:05.801,"1","1",,e8d4e15f-d08d-4834-b6d7-1fe7155789fa,
"23515",f0541ff0-37d6-46fa-9f26-4bd90f903a5b,,"4373","1",Cemitério Parque das Flores,Entrada,,2025/11/18 07:12:53.299,,2025/11/18 09:35:05.801,"1","1",,d3906d13-d845-4e90-b3e0-1f4f82823072,
"23516",004594fe-e84f-4da0-9418-32de1619ba64,,"4373","1",Empresarial Renato Dias,Entrada,,2025/11/18 07:12:53.299,,2025/11/18 09:35:05.801,"1","1",,945580dd-54fa-49d4-ba78-d5cb9a356bcf,
"23517",5108787b-c0e9-4999-8a78-555ec944ab03,,"4373","1",Cristal Executivo Hotel,Entrada,,2025/11/18 07:12:53.299,,2025/11/18 09:35:05.801,"1","1",,6fa3bb09-c5cc-4228-923c-81c2f2f25919,
"23518",0de0613a-9480-4848-bf46-a8717b260978,,"4373","1",Policlínica João de Barros Barreto,Entrada,,2025/11/18 07:12:53.299,,2025/11/18 09:35:05.801,"1","1",,9a2075f9-84a5-4b2c-947a-26ffc01581c5,
"23519",101af088-7be9-4a66-9739-a0047e76db09,,"4373","1",Boi e Brasa Churrascaria Candeias,Entrada,,2025/11/18 07:12:53.299,,2025/11/18 09:35:05.801,"1","1",,011a798c-9807-4a5b-873e-5d02b7ade2e6,
"23550",063af52b-4162-4547-b3a9-c28eb2b4cb8f,,"4373","1",Mercado Público de Nova Descoberta,Entrada,,2025/11/18 07:12:53.299,,2025/11/18 09:35:05.801,"1","1",,a7058502-6b57-45a2-b5db-d83dcc315525,
"23551",bbec9082-20d5-40a7-bb82-d5aea48bfe03,,"4373","1",Estação Antônio Falcão,Entrada,,2025/11/18 07:12:53.299,,2025/11/18 09:35:05.801,"1","1",,de47c700-51c8-4168-892d-16f05acb45c3,
"23552",dbc58b5e-8770-4601-93ef-f12ab1cf2930,,"4373","1",Hospital De Ávila,Entrada,,2025/11/18 07:12:53.299,,2025/11/18 09:35:05.801,"1","1",,59552221-1d1d-4bb2-8471-195051eb402d,
"23553",87737279-90a6-4dcf-9a70-196938bb46c0,,"4373","1",Conjunto praia do janga,Entrada 1,,2025/11/18 07:12:53.299,,2025/11/18 09:35:05.801,"1","1",,0cb27505-3f56-4342-84ed-5c1f0dd9efe7,
"23554",569ede2d-49d8-48dd-a308-44563cbb16cf,,"4373","1",Conjunto praia do janga,Entrada 2,,2025/11/18 07:12:53.299,,2025/11/18 09:35:05.801,"1","1",,0cb27505-3f56-4342-84ed-5c1f0dd9efe7,
"23555",827a67c6-44eb-4504-babe-6c60a5ff1015,,"4373","1",Terminal Integrado Rio Doce,Entrada,,2025/11/18 07:12:53.299,,2025/11/18 09:35:05.801,"1","1",,1f84d8a1-55e3-4b88-80ef-4b9c73ec30d1,
"23556",92ba3ed5-3a9f-4c66-a00a-e111ed85ea28,,"4373","1",113 Club,Entrada,,2025/11/18 07:12:53.299,,2025/11/18 09:35:05.801,"1","1",,1ad7137f-3976-4d15-a841-55f6937daa04,
"23557",2257b530-435d-4795-91c8-092560669350,,"4373","1",Atacadão - Camaragibe,Entrada,,2025/11/18 07:12:53.299,,2025/11/18 09:35:05.801,"1","1",,9d5ccefc-208c-461c-b352-0322cffe49d8,
"23558",6a69239c-b7ef-4e64-ae2d-6757737d6bc4,,"4373","1",Residêncial Mulheres de Tejucupapo,Entrada,,2025/11/18 07:12:53.299,,2025/11/18 09:35:05.801,"1","1",,90adc485-c3da-4633-8e3a-ac6ee13cda8b,
"23559",476d1042-4483-48ac-8b67-636581263465,,"4373","1",Conjunto Habitacional Carlos Lamarca,Entrada,,2025/11/18 07:12:53.299,,2025/11/18 09:35:05.801,"1","1",,62321fe7-cb5f-4b92-a00e-c21fdb42751b,
"23529",3e3ae6df-5915-42e5-984e-60f62ad027ab,,"4373","1",Sport Clube do Recife,Ginásio Marcelino Lopes Entrada,Sport Clube do Recife,2025/11/18 07:12:53.299,,2025/11/18 09:35:05.801,"1","0",,08ad938f-c66e-4d8d-9541-b9b9866a4558,
"23483",79d1e1a1-e363-434f-a864-d632d945e0d0,,"4373","1",Sal e Brasa Recife,Entrada,,2025/11/18 07:12:53.299,,2025/11/18 09:35:05.801,"1","1",,54c8177a-671d-476a-b02e-12f9b1dac05b,
"23484",7b111d8f-a24e-4e02-8ec5-ccc296daece0,,"4373","1",Mercadinho São Rafael,Entrada,,2025/11/18 07:12:53.299,,2025/11/18 09:35:05.801,"1","1",,5b3f6cca-68e5-43b0-991d-7896406f9fcd,
"23487",c3e8e12c-898e-443d-8752-d2762c60a172,,"4373","1",Du Valle Supermercado,Entrada,,2025/11/18 07:12:53.299,,2025/11/18 09:35:05.801,"1","1",,e6ceb4c3-6e05-4db2-83c5-525a4bb0b051,
"23488",a8148aa1-d516-4a0f-a474-ff017152ff9a,,"4373","1",Clube Internacional do Recife,Entrada,,2025/11/18 07:12:53.299,,2025/11/18 09:35:05.801,"1","1",,aa439fd4-92a2-48ff-a225-d1ec44a5d64d,
"23489",a1e62a63-468f-4d07-8953-4c7b1cdb68be,,"4373","1",Carrefour Boa Viagem,Entrada,,2025/11/18 07:12:53.299,,2025/11/18 09:35:05.801,"1","1",,fc2d9811-9a5a-4930-85bd-5f0aa448dfa4,
"23490",7132cc7e-79f5-47cd-ac5d-ff7786534fe5,,"4373","1",Estação Recife,Entrada,,2025/11/18 07:12:53.299,,2025/11/18 09:35:05.801,"1","1",,f3a9a19f-8cde-45b1-8f10-988d542e914c,
"23146",0d3520b5-9135-4d6f-af85-40a35c2ddd0a,,"4373","1",UPA Paulista,Entrada,,2025/11/18 07:12:53.299,,2025/11/18 09:35:05.801,"1","1",,21991765-4756-4cb7-b10e-40d17221bd32,
"23467",00451683-8158-4db8-8a2e-61df3a2299c3,,"4373","1",Feira de Rio Doce,Entrada,,2025/11/18 07:12:53.299,,2025/11/18 09:35:05.801,"1","1",,70259b36-d892-4429-bc26-70b4d4293411,
"23327",ad226c4b-2225-4551-acfc-a1b06ab74852,,"4373","1",Residencial Pontal do Atalaia,Entrada,Residencial Pontal do Atalaia,2025/11/18 07:12:53.299,,2025/11/18 09:35:05.801,"1","1",,9bc4c89b-29c0-407e-852d-3950a8b5dbdb,
"23328",5d31580b-f41f-43f2-b099-e83c3d68f549,,"4373","1",Creche Municipal Sonho do Povo,Entrada,Creche Municipal Sonho do Povo,2025/11/18 07:12:53.299,,2025/11/18 09:35:05.801,"1","1",,0a64b949-49fa-446a-a187-1c8244e8bbc6,
"23329",d3a47687-8423-4318-a68f-27ba79622801,,"4373","1",Igreja Universal do Reino de Deus,Entrada,Igreja Universal do Reino de Deus,2025/11/18 07:12:53.299,,2025/11/18 09:35:05.801,"1","1",,b968acce-5233-4fc0-badd-3421dc3588a9,
"23355",b612e607-7ef0-4ca1-9085-8e344b7d60fd,,"4373","1",Mix Mateus - Prazeres,Entrada,Mix Mateus - Prazeres,2025/11/18 07:12:53.299,,2025/11/18 09:35:05.801,"1","1",,a5971c79-f60a-4f5d-9c9d-49aaf447fa55,
"23362",bc74062e-66e6-4693-b18f-cd24042a3126,,"4373","1",Parque Dona Lindu,Entrada pela Av. Boa Viagem,Parque Dona Lindu,2025/11/18 07:12:53.299,,2025/11/18 09:35:05.801,"1","1",,f9398b3f-032f-49f3-9265-ff167b8454bc,
"23154",080ae51a-b85a-49e2-9bbb-d5d8c6b979c0,,"4373","1",Supermercado Arco-Mix - Beberibe,Supermercado Arco-Mix - Beberibe,Supermercado Arco-Mix - Beberibe,2025/11/18 07:12:53.299,2025/11/13 14:30:04.655,2025/11/18 09:35:05.801,"0","1",,26c22e93-fe18-446a-b8e7-de663e616107,
"23153",1612a9a3-0e7f-4a16-a4c5-301e6ce04a89,,"4373","1",Supermercado Arco-Mix - Beberibe,Entrada,Supermercado Arco-Mix - Beberibe,2025/11/18 07:12:53.299,,2025/11/18 09:35:05.801,"1","1",,26c22e93-fe18-446a-b8e7-de663e616107,
"23291",ea304ac3-fcc4-47d4-9b9c-335fa0cae503,,"4373","1",Joana Bezerra,Entrada Norte,,2025/11/18 07:12:53.299,,2025/11/18 09:35:05.801,"1","1",,f4aaa200-d7ae-45b0-a103-2772810f5406,
"23292",b3cfcc37-ca00-4e49-8ce8-234a86b753d9,,"4373","1",Joana Bezerra,Entrada Sul,,2025/11/18 07:12:53.299,,2025/11/18 09:35:05.801,"1","1",,f4aaa200-d7ae-45b0-a103-2772810f5406,
"23262",da0d4dad-bb63-4590-ae4c-16219a19bdb6,,"4373","1",Estação Cajueiro Seco,Entrada 1,Estação Cajueiro Seco,2025/11/18 07:12:53.299,,2025/11/18 09:35:05.801,"1","1",,dbb28741-952c-4f14-adc7-f85ed5fbf499,
"23257",95fd178e-d934-4b04-a30a-c536c761420c,,"4373","1",Feira Livre de Afogados,Entrada,,2025/11/18 07:12:53.299,,2025/11/18 09:35:05.801,"1","1",,97d33dd4-8f1f-43af-aec4-68e56f430415,
"23214",e23afe2b-0af1-423b-b4db-f27724508678,,"4373","1",Praça da UR5 - Ibura,Praça da UR5 - Ibura,Praça da UR5 - Ibura,2025/11/18 07:12:53.299,2025/11/13 14:30:04.655,2025/11/18 09:35:05.801,"0","1",,3f5d6fb5-d69a-4494-a7d8-657cd54c0dc6,
"23217",e664585c-711b-4c88-b50c-f886bdea2f3d,,"4373","1",Terminal Integrado Xambá,Terminal Integrado Xambá,Terminal Integrado Xambá,2025/11/18 07:12:53.299,2025/11/13 14:30:04.655,2025/11/18 09:35:05.801,"0","1",,c641930e-e2a1-4c2e-b119-fb843d1f36a9,
"23220",fa857a25-254a-43dc-b5e2-f2945b047f67,,"4373","1",Galeria 910,Galeria 910,Galeria 910,2025/11/18 07:12:53.299,2025/11/13 14:30:04.655,2025/11/18 09:35:05.801,"0","1",,dc2944ac-18dd-44c3-b4cc-10f3cb50a38f,
"23215",2f713ab7-4db9-489f-a3c0-de50d6da684b,,"4373","1",Praça da UR5 - Ibura,Entrada,Praça da UR5 - Ibura,2025/11/18 07:12:53.299,,2025/11/18 09:35:05.801,"1","1",,3f5d6fb5-d69a-4494-a7d8-657cd54c0dc6,
"22258",3f7fc3f3-709d-4da6-9365-b7c0555709ca,,"4373","1",IMIP Instituto de Medicina Integral Professor Fernando Figueira,Entrada 1,IMIP Instituto de Medicina Integral Professor Fernando Figueira,2025/11/18 07:12:53.299,,2025/11/18 09:35:05.801,"1","0",,0c33173c-127f-491c-b2ca-ea346da11605,
"23163",d1eba54f-84ae-4c2c-a08a-c55b6fceb38e,,"4373","1",Hospital dos Servidores do Estado - HSE,Hospital dos Servidores do Estado - HSE,Hospital dos Servidores do Estado - HSE,2025/11/18 07:12:53.299,2025/11/13 14:30:04.655,2025/11/18 09:35:05.801,"0","1",,fb07e104-d672-499b-97fc-8d06c5bbb3f6,
"23157",e8ab9729-8277-4beb-9702-b40b01411d73,,"4373","1",Casa Pio Calçados LJ 34 - Santo Antônio,Entrada desde el Av.  Nossa Sra. do Carmo,,2025/11/18 07:12:53.299,,2025/11/18 09:35:05.801,"1","1",,64ea6ae0-2d8f-4f5d-b17c-1bf8b3fb109b,
"23513",2071b684-9969-460c-927f-244665391cce,,"4373","1",Mercadinho Conceição,Entrada,,2025/11/18 07:12:53.299,,2025/11/18 09:35:05.801,"1","1",,0a690c59-7fca-4a1f-a8e0-40d3eab784e2,
"23500",081b4119-6553-435f-b2ac-6e0250f23a88,,"4373","1",Hospital Brites De Albuquerque,Entrada,,2025/11/18 07:12:53.299,,2025/11/18 09:35:05.801,"1","1",,d2fa6808-c43a-4b37-a341-090fb709d62a,
"23501",5a184c37-83ba-4c2e-9be6-18dd47745d0f,,"4373","1",Armazenna 2 Centro Logístico,Entrada,,2025/11/18 07:12:53.299,,2025/11/18 09:35:05.801,"1","1",,9ee5d967-c061-41ac-8962-f8faa9b2bdd8,
"23502",1d4607d1-72be-42ef-8c84-cc024afe478d,,"4373","1",Escola Caio Pereira,Entrada,,2025/11/18 07:12:53.299,,2025/11/18 09:35:05.801,"1","1",,d1a1c515-29c9-4aaa-adf4-7d138f04c928,
"23510",cd908dca-5fcb-465f-b2fd-47283221fce0,,"4373","1",Karla Mercado,Entrada,Karla Mercado,2025/11/18 07:12:53.299,,2025/11/18 09:35:05.801,"1","1",,527ba934-10c9-44be-ae4e-935e0f71757c,
"23568",2861317b-803a-449f-a252-d7db48f57e2d,,"4373","1",Boi e Brasa Churrascaria Ilha do Retiro,Entrada,Boi e Brasa Churrascaria Ilha do Retiro,2025/11/18 07:12:53.299,,2025/11/18 09:35:05.801,"1","1",,df86c537-13f5-497c-a305-d0e4f6dd29d3,
"23560",80a15eae-b563-4939-9120-0d87314b0d86,,"4373","1",Residence Club Dr. Moacyr André Gomes,Entrada,Residence Club Dr. Moacyr André Gomes,2025/11/18 07:12:53.299,,2025/11/18 09:35:05.801,"1","1",,10d14203-cd0c-4bee-be78-9605254eb362,
"23561",540712c9-e8a8-45af-8e8a-161fda3fc1f4,,"4373","1",Capitão Gancho Pizzaria,Entrada,Capitão Gancho Pizzaria,2025/11/18 07:12:53.299,,2025/11/18 09:35:05.801,"1","0",,66305046-6505-43e0-806f-ac1acf00761e,
"23312",211390e0-5d3f-4e1c-9d3e-71ae5b466ec1,,"4373","1",Mercado de Casa Amarela,Entrada,,2025/11/18 07:12:53.299,,2025/11/18 09:35:05.801,"1","1",,e958436c-efd1-4bc5-ac93-040732bd049c,
"23313",0a40092e-451e-43c3-a4f5-8022b6a66fe5,,"4373","1",Atacado Dos Presentes,Entrada,,2025/11/18 07:12:53.299,,2025/11/18 09:35:05.801,"1","1",,686e5337-5127-4e8a-b71c-f5da40667055,
"23314",639e2375-ea94-4611-a6fd-63513a93f7c7,,"4373","1",Léo Chopp - Água Fria,Entrada,,2025/11/18 07:12:53.299,,2025/11/18 09:35:05.801,"1","1",,d51aebaa-adba-4041-8dd0-13ce761a89d8,
"22255",65076c2a-4a33-4014-af74-8c14bc379cb7,,"4373","1",Mercado das Mangueiras,Mercado das Mangueiras,Mercado das Mangueiras,2025/11/18 07:12:53.299,,2025/11/18 09:35:05.801,"1","1",,369f0936-f5df-47a9-82ff-60fdae40c8a9,
"23024",991272f9-8702-455b-8b61-2a4c4c00346b,,"4373","1",Policlínica Amaury Coutinho,Policlínica Amaury Coutinho,Policlínica Amaury Coutinho,2025/11/18 07:12:53.299,,2025/11/18 09:35:05.801,"1","1",,ae8f2c34-dda6-48b9-8fad-0cb91d8978a1,
"23106",6355c988-819b-4693-ac34-5b6ba12c64f4,,"4373","1",UPA - Tipo III Lagoa Encantada,Entrada,,2025/11/18 07:12:53.299,,2025/11/18 09:35:05.801,"1","1",,05e9711e-7f40-4225-8d82-304fa70f7cc2,
"23025",d9bbb128-7941-4ab1-9480-b23e030b4965,,"4373","1",Praia do Quartel,Praia do Quartel,Praia do Quartel,2025/11/18 07:12:53.299,,2025/11/18 09:35:05.801,"1","1",,a46fd4ab-04f3-4190-93bc-56add890e83a,
"23108",b0d36ad8-242b-434f-9094-e8b087682b59,,"4373","1",Camará Shopping,Camará Shopping,Camará Shopping,2025/11/18 07:12:53.299,,2025/11/18 09:35:05.801,"0","1",,8ab3d8fd-8502-4ac8-bea4-15c6a50caa88,
"23105",ebf4a5c7-c427-4ef5-96d5-d5334276b90c,,"4373","1",Novo Atacarejo Bongi,Entrada,,2025/11/18 07:12:53.299,,2025/11/18 09:35:05.801,"1","1",,a828355b-e1d4-4be7-9fde-8f91867255a3,
"23115",3bfe5008-1ce9-4dcd-a1fe-27f3e4e6f6a2,,"4373","1",UPA - Caxangá,Entrada,UPA - Caxangá,2025/11/18 07:12:53.299,,2025/11/18 09:35:05.801,"1","0",,db2acdb6-f736-4545-8fcb-5c8880531e81,
"23116",b6f88803-5949-49d9-aa17-64cedcc1bd1e,,"4373","1",UPA - Caxangá,UPA - Caxangá,UPA - Caxangá,2025/11/18 07:12:53.299,,2025/11/18 09:35:05.801,"0","1",,db2acdb6-f736-4545-8fcb-5c8880531e81,
"23368",311bc02b-a399-430e-8345-198c0967cbbd,,"4373","1",DESKONTÃO CEASA,Entrada,DESKONTÃO CEASA,2025/11/18 07:12:53.299,,2025/11/18 09:35:05.801,"1","1",,a48d526d-a075-42cf-828f-85388069c3cb,
"23003",e625a209-5dad-4203-983f-70f6db3bf0a6,,"4373","1",Shopping Recife,Entrada/Sul/Piso 2,,2025/11/18 07:12:53.299,,2025/11/18 09:35:05.801,"0","1",,cb3e6ba6-1312-40c2-b9af-fa4255cb4dff,
"23010",66a13372-1cc7-45f2-ab64-3032e1c7c26d,,"4373","1",Shopping Tacaruna,Shopping Tacaruna,,2025/11/18 07:12:53.299,,2025/11/18 09:35:05.801,"0","1",,5e198a28-c36e-46a5-add8-d2c68e5755e4,
"23011",928ea25d-4871-4eb7-9575-3c333544fbd3,,"4373","1",Shopping RioMar,Shopping RioMar,,2025/11/18 07:12:53.299,,2025/11/18 09:35:05.801,"0","1",,3770a864-8e0c-4d8e-b023-181de3b4680a,
"23205",a5910438-d076-4cd8-9ff3-1054d6dd3eec,,"4373","1",Novo Atacarejo Dois Irmãos,Novo Atacarejo Dois Irmãos,Novo Atacarejo Dois Irmãos,2025/11/18 07:12:53.299,2025/11/13 14:30:04.655,2025/11/18 09:35:05.801,"0","1",,4970c3c1-7f7a-4d9e-994d-582c0893f464,
"23114",dfa153e7-ee09-46a9-988f-57c512bb1dcc,,"4373","1",Hospital Getúlio Vargas,Hospital Getúlio Vargas,Hospital Getúlio Vargas,2025/11/18 07:12:53.299,,2025/11/18 09:35:05.801,"0","1",,46c7bc34-705c-439b-a36d-90022996eca8,
"23021",3d027af7-abce-4938-a4b4-cd6528796362,,"4373","1",Shopping BoaVista,Shopping BoaVista,,2025/11/18 07:12:53.299,,2025/11/18 09:35:05.801,"0","1",,302b38e7-a544-42c4-931b-16b2c40f5031,
"298",d7bdcc81-914b-4378-9311-0f5116361a85,,"4373","1",Shopping BoaVista,Entrada (Av. Conde da Boa Vista),Shopping BoaVista,2025/11/18 07:12:53.299,,2025/11/18 09:35:05.801,"1","0",,302b38e7-a544-42c4-931b-16b2c40f5031,
"23020",1f2c65ad-bba9-4a56-93f2-8e1e42a03806,,"4373","1",Cotel,Cotel,,2025/11/18 07:12:53.299,,2025/11/18 09:35:05.801,"1","1",,14a8e174-615d-46fd-9733-0c7f28f95e17,
"23118",79241600-aa1c-4b8f-9407-0db880dc0db3,,"4373","1",Hospital Geral de Areias,Entrada,,2025/11/18 07:12:53.299,,2025/11/18 09:35:05.801,"1","1",,9fa7a397-e6c3-4b5b-af3f-80dc469495e3,
"23119",b7b4d16c-5968-4d9b-a035-b38be221d4a9,,"4373","1",Hospital Geral de Areias,Emergência,,2025/11/18 07:12:53.299,,2025/11/18 09:35:05.801,"1","1",,9fa7a397-e6c3-4b5b-af3f-80dc469495e3,
"23147",63402b4a-9f58-46b4-8331-9385c6412932,,"4373","1",Terminal Integrado Pelópidas Silveira,Entrada,,2025/11/18 07:12:53.299,,2025/11/18 09:35:05.801,"1","1",,4b9e5380-5f1f-41eb-8898-f3119bf1e84e,
"23014",869b9470-e69d-405c-87e3-8721f647e370,,"4373","1",IMIP Instituto de Medicina Integral Professor Fernando Figueira,IMIP Instituto de Medicina Integral Professor Fernando Figueira,,2025/11/18 07:12:53.299,,2025/11/18 09:35:05.801,"0","1",,0c33173c-127f-491c-b2ca-ea346da11605,
"23013",ff38fbcc-5a6f-4cb1-95b5-b6604ee51a17,,"4373","1",Paulista North Way Shopping,Paulista North Way Shopping,,2025/11/18 07:12:53.299,,2025/11/18 09:35:05.801,"0","1",,1b5a7f5f-b8e9-4703-ba69-95926518e0fa,
"23127",a40f0ee1-2557-4ad8-999f-f9bf4e0e618a,,"4373","1",Hospital Infantil Mandacaru,Entrada,Hospital Infantil Mandacaru,2025/11/18 07:12:53.299,,2025/11/18 09:35:05.801,"1","0",,0518b834-1f07-4f9c-9dfc-1a6f2fedbbf7,
"23030",ac97be26-fd86-44f4-8259-eb39a5af4998,,"4373","1",Praça do Carmo,Praça do Carmo,Praça do Carmo,2025/11/18 07:12:53.299,,2025/11/18 09:35:05.801,"1","1",,f3d2190a-efea-4b50-96f6-8b29e9a83044,
"23136",b3059629-de17-4a59-ac2f-30266be762df,,"4373","1",Hospital de Câncer de Pernambuco,Entrada principal,,2025/11/18 07:12:53.299,,2025/11/18 09:35:05.801,"1","1",,c9b38d8a-e426-4309-8817-54ccc229f582,
"23137",4aa1121b-864a-4ad8-8dba-3bc803f47337,,"4373","1",Hospital de Câncer de Pernambuco,Entrada,,2025/11/18 07:12:53.299,,2025/11/18 09:35:05.801,"1","1",,c9b38d8a-e426-4309-8817-54ccc229f582,
"23028",090a304f-33c8-4a5f-acf1-7d09105adb19,,"4373","1",Hospital Oswaldo Cruz,Hospital Oswaldo Cruz,Hospital Oswaldo Cruz,2025/11/18 07:12:53.299,,2025/11/18 09:35:05.801,"1","1",,c64aa28d-bd3d-40ce-a020-56952a67f21d,
"348",b1013a8a-ae13-43fe-9be9-531a94e4be03,,"4373","1",Piso 2,Entrada 3,Shopping Recife,2025/11/18 07:12:53.299,,2025/11/18 09:35:05.801,"1","0",,cb3e6ba6-1312-40c2-b9af-fa4255cb4dff,
"23138",cb1c8ed3-1b67-47d2-988d-81232e0830c1,,"4373","1",Hospital de Pediatria Helena Moura,Emergência,,2025/11/18 07:12:53.299,,2025/11/18 09:35:05.801,"1","1",,fe67843c-04b7-4bb5-8682-e470e3b1c93c,
"23139",ec562d1f-c717-42e2-a191-f257053cec86,,"4373","1",Hospital de Pediatria Helena Moura,Entrada,,2025/11/18 07:12:53.299,,2025/11/18 09:35:05.801,"1","1",,fe67843c-04b7-4bb5-8682-e470e3b1c93c,
"23140",b39c6ecb-b75f-4373-aa07-f00b47fb9ae5,,"4373","1",Estação Barro,Entrada,,2025/11/18 07:12:53.299,,2025/11/18 09:35:05.801,"1","1",,c1f5f53f-0d2d-4960-b4ae-51a242fb4e3d,
"23149",a2867536-7275-4ffc-909c-7c1099d23178,,"4373","1",Buraco da Véia,Entrada,,2025/11/18 07:12:53.299,,2025/11/18 09:35:05.801,"1","1",,ce6e042b-7f1d-426e-97c8-8cb88387b443,
"23117",c4f8d6ff-0848-4b08-b905-a3ed80e67300,,"4373","1",UPA - Caxangá,Ambulatorio,UPA - Caxangá,2025/11/18 07:12:53.299,,2025/11/18 09:35:05.801,"1","0",,db2acdb6-f736-4545-8fcb-5c8880531e81,
"23152",b2e36d0f-d679-42a1-bb34-afea33367c42,,"4373","1",Mix Mateus Boa Viagem,Mix Mateus Boa Viagem,Mix Mateus Boa Viagem,2025/11/18 07:12:53.299,2025/11/13 14:30:04.655,2025/11/18 09:35:05.801,"0","1",,1521f3ba-0d4b-45be-9acd-d6695730d501,
"293",0eeb1672-0b16-4252-9b2a-8deea694ace1,,"4373","1",Shopping BoaVista,Entrada (R. José de Alencar),Shopping BoaVista,2025/11/18 07:12:53.299,,2025/11/18 09:35:05.801,"1","0",,302b38e7-a544-42c4-931b-16b2c40f5031,
"23134",3df9d1ad-4c10-4099-acd3-eb5ad8d8d552,,"4373","1",Mercado de Afogados,Entrada Oeste,Mercado de Afogados,2025/11/18 07:12:53.299,,2025/11/18 09:35:05.801,"1","0",,d09ce55e-a57d-4473-b641-d9e62097b2a1,
"23135",24939d44-d2a1-4f51-8a2e-93f36550a81c,,"4373","1",Mercado de Afogados,Mercado de Afogados,Mercado de Afogados,2025/11/18 07:12:53.299,,2025/11/18 09:35:05.801,"0","1",,d09ce55e-a57d-4473-b641-d9e62097b2a1,
"23185",5b0b4610-e5d4-436a-adc6-26a7f4cb8f10,,"4373","1",Unibra Campus III,Entrada,,2025/11/18 07:12:53.299,,2025/11/18 09:35:05.801,"1","1",,1e162e87-20fe-4a2a-9a22-d89bed1f4125,
"23142",367b817b-8125-4bbb-9a86-19d14c0f7ab7,,"4373","1",UNIBRA - Centro Universitário Brasileiro,Entrada,UNIBRA - Centro Universitário Brasileiro,2025/11/18 07:12:53.299,,2025/11/18 09:35:05.801,"1","1",,17b29ee5-3292-4abb-9182-a653aeed5c2f,
"291",36da6ca9-1854-4519-9d89-6fc23734b9e4,,"4373","1",Paulista North Way Shopping,Entrada 2,Paulista North Way Shopping,2025/11/18 07:12:53.299,,2025/11/18 09:35:05.801,"1","0",,1b5a7f5f-b8e9-4703-ba69-95926518e0fa,
"299",adec7c73-ea03-4f54-a318-072c9936d079,,"4373","1",Shopping Guararapes,Entrada 4,Shopping Guararapes,2025/11/18 07:12:53.299,,2025/11/18 09:35:05.801,"1","0",,fdb2762d-52fb-40db-9776-e7a6495a1413,
"300",fb0ccc4e-c942-414b-80d1-c66021526add,,"4373","1",Shopping Guararapes,Entrada 2,Shopping Guararapes,2025/11/18 07:12:53.299,,2025/11/18 09:35:05.801,"1","0",,fdb2762d-52fb-40db-9776-e7a6495a1413,
"302",1638e9bd-8778-4c89-933a-48caf3e95ce2,,"4373","1",Shopping Guararapes,Entrada 3,Shopping Guararapes,2025/11/18 07:12:53.299,,2025/11/18 09:35:05.801,"1","0",,fdb2762d-52fb-40db-9776-e7a6495a1413,
"303",a64d545b-c339-4205-8e25-ebdf090eea5c,,"4373","1",Shopping Norte Janga,Entrada,Shopping Norte Janga,2025/11/18 07:12:53.299,,2025/11/18 09:35:05.801,"1","0",,465b180c-10ae-4abd-9280-2e803c451d66,
"305",a3a50073-ba12-445e-8baa-3f1c25e5934c,,"4373","1",Piso 2,Entrada 7,Shopping Recife,2025/11/18 07:12:53.299,,2025/11/18 09:35:05.801,"1","0",,cb3e6ba6-1312-40c2-b9af-fa4255cb4dff,
"286",b4809393-8370-4048-a80e-7719217cac1c,,"4373","1",Shopping RioMar,Entrada 1,Shopping RioMar,2025/11/18 07:12:53.299,,2025/11/18 09:35:05.801,"1","0",,3770a864-8e0c-4d8e-b023-181de3b4680a,
"289",9f591461-4750-4bd1-8a42-4cb7a476a4ae,,"4373","1",Shopping Patteo Olinda,Shopping Patteo Olinda,Shopping Patteo Olinda,2025/11/18 07:12:53.299,,2025/11/18 09:35:05.801,"1","1",,de006cc9-4688-4cd7-bdba-cf7edd0d9f43,
"23004",e73d00f3-206f-4e5f-9b1e-4f0166f1d4ac,,"4373","1",Shopping Recife,Entrada/Norte/Piso 1,,2025/11/18 07:12:53.299,,2025/11/18 09:35:05.801,"0","1",,cb3e6ba6-1312-40c2-b9af-fa4255cb4dff,
"23195",f80f48fe-f632-446b-a49b-f64f29de467d,,"4373","1",Maternidade Professor Bandeira Filho,Entrada,Maternidade Professor Bandeira Filho,2025/11/18 07:12:53.299,,2025/11/18 09:35:05.801,"1","0",,6e1384c9-e4e7-470e-afa6-a916499d47ae,
"23367",34ea53ff-3614-4937-9a10-e8f8dc357475,,"4373","1",Atacado dos Presentes,Entrada,Atacado dos Presentes,2025/11/18 07:12:53.299,,2025/11/18 09:35:05.801,"1","1",,b3550704-3eaa-4bf6-87c5-41f3262632c9,
"20778",90e62969-67c6-42a8-be51-56c4d54a99b3,,"4373","1",Plaza Casa Forte,Entrada principal,Plaza Casa Forte,2025/11/18 07:12:53.299,,2025/11/18 09:35:05.801,"1","0",,eff8a342-7c0b-44f1-b6a0-553ad640131f,
"20779",f44ac2bf-361b-4ed6-9283-bf03eed4f8c8,,"4373","1",Plaza Casa Forte,Entrada,Plaza Casa Forte,2025/11/18 07:12:53.299,,2025/11/18 09:35:05.801,"1","0",,eff8a342-7c0b-44f1-b6a0-553ad640131f,
"23238",a303f2a6-df60-44ca-a0d0-b56f25df81a4,,"4373","1",Classic Hall,Entrada,Classic Hall,2025/11/18 07:12:53.299,,2025/11/18 09:35:05.801,"1","1",,9e827471-e664-4e96-bd9c-e7f5ca6d27aa,
"23012",761afba0-408b-49ea-a68c-5eed2f3bf224,,"4373","1",Shopping Guararapes,Shopping Guararapes,,2025/11/18 07:12:53.299,,2025/11/18 09:35:05.801,"0","1",,fdb2762d-52fb-40db-9776-e7a6495a1413,
"23159",63df9818-faf9-40dc-a2e8-fb15ba44abb9,,"4373","1",Cemitério de Santo Amaro,Entrada,,2025/11/18 07:12:53.299,,2025/11/18 09:35:05.801,"1","1",,069a5590-45f9-48f2-84e0-c72aff2ccc66,
"23176",1196fa76-fc46-488c-bae0-1499b4e389b1,,"4373","1",Novo Atacarejo Dois Unidos,Entrada,,2025/11/18 07:12:53.299,,2025/11/18 09:35:05.801,"1","1",,f9769bce-4871-45c4-9570-a7b8ee7f8eec,
"23177",e5e4443e-6af8-4a9d-9cad-4a53beb7990f,,"4373","1",Supermercado Arco-Mix Prazeres,Entrada,,2025/11/18 07:12:53.299,,2025/11/18 09:35:05.801,"1","1",,7bbdc035-666a-4ba1-842b-772e3e28d16e,
"23182",647f58ea-2aa9-4ebd-b4dd-71ad9a1d0d8d,,"4373","1",UPA 24h Germano Coelho - Rio Doce,UPA 24h Germano Coelho - Rio Doce,NUUPA 24h Germano Coelho - Rio DoceLL,2025/11/18 07:12:53.299,,2025/11/18 09:35:05.801,"0","1",,781b72da-98b8-432a-8847-6da7b5b9ec06,
"23244",322ba61b-e5a3-45ce-8485-b698a3e0d485,,"4373","1",Boteco do Bêu,Entrada,Boteco do Bêu,2025/12/05 15:53:47.643,,2025/12/09 05:09:21.667,"1","1",,60a513dc-4a9e-4baf-9675-3b41c9872447,
"23245",d99865bf-e9cc-47e5-aefe-b2b6e3d0f65a,,"4373","1",Caixa Econômica Federal,Entrada,Caixa Econômica Federal,2025/11/18 07:12:53.299,,2025/11/18 09:35:05.801,"1","1",,34b9886d-f465-427f-a949-b72455deb720,
"23305",9c883507-ed46-4788-a62b-f7e60aec2691,,"4373","1",Panificadora e Mercadindo Andrea,Entrada,Panificadora e Mercadindo Andrea,2025/11/18 07:12:53.299,,2025/11/18 09:35:05.801,"1","1",,9fa74a59-9683-4a6d-8259-67439ac1f69c,
"23247",a0db463d-de4a-480a-91dc-7e012729ad8c,,"4373","1",Hapvida,Emergência,Hapvida,2025/11/18 07:12:53.299,,2025/11/18 09:35:05.801,"1","1",,586d9e6f-2f58-4f7b-a0e2-0c2354189fa4,
"23189",dbea395c-c68a-4b69-9a7d-8e8b2770eff9,,"4373","1",Home Center Ferreira Costa Tamarineira,Home Center Ferreira Costa Tamarineira,Home Center Ferreira Costa Tamarineira,2025/11/18 07:12:53.299,2025/11/13 14:30:04.655,2025/11/18 09:35:05.801,"0","1",,b8caa7e1-fea8-49ab-81d1-884cb19b45aa,
"23188",3f10d9bb-f2e9-49b0-9a34-3a2aa8bb4bee,,"4373","1",Home Center Ferreira Costa Tamarineira,Entrada,Home Center Ferreira Costa Tamarineira,2025/11/18 07:12:53.299,,2025/11/18 09:35:05.801,"1","1",,b8caa7e1-fea8-49ab-81d1-884cb19b45aa,
"23248",cba05397-74ca-4e99-b0d8-89c13e69a7d8,,"4373","1",Hapvida,Vida & Imagem,Hapvida,2025/11/18 07:12:53.299,,2025/11/18 09:35:05.801,"1","0",,586d9e6f-2f58-4f7b-a0e2-0c2354189fa4,
"23249",3522395b-6908-49d2-9e8d-637cc22a5530,,"4373","1",Caixa Econômica Federal,Entrada,Caixa Econômica Federal,2025/11/18 07:12:53.299,,2025/11/18 09:35:05.801,"1","1",,1e0e0320-85b8-44b4-ad59-0608ce915f86,
"23250",3db36e3e-7014-4b51-8aa7-cea41e36c2fe,,"4373","1",Cavaleiro,Entrada,,2025/11/18 07:12:53.299,,2025/11/18 09:35:05.801,"1","1",,f693e3ea-30a5-4b50-bfbf-37b7b38115f1,
"23251",319fecbf-9e72-4958-8f00-657c41e43177,,"4373","1",Terminal de Três Carneiros Baixo,Entrada,,2025/11/18 07:12:53.299,,2025/11/18 09:35:05.801,"1","1",,ea23d0f3-8e79-4812-925a-433fa1520bbe,
"23252",35e468da-6f27-4b66-a3dc-a5d144a9695d,,"4373","1",Hospital e Policlínica Jaboatão Prazeres,Emergência,,2025/11/18 07:12:53.299,,2025/11/18 09:35:05.801,"1","1",,ad777ea5-bbbc-46dc-98ae-9edbe9007b9f,
"23253",aec017ca-1aeb-46d0-8d61-80b4b65e91c7,,"4373","1",Viashow,Entrada,,2025/11/18 07:12:53.299,,2025/11/18 09:35:05.801,"1","1",,778a6450-37eb-4555-85e2-5309a8aabf18,
"23254",7fda2fdf-89ba-494a-ae79-4a2f62a1613e,,"4373","1",Esposende,Entrada,,2025/11/18 07:12:53.299,,2025/11/18 09:35:05.801,"1","1",,3d38340d-2ab7-4e5b-b130-f3d6c94f0c50,
"23320",ecd39be8-0b53-43ff-b48e-630abe2bccb7,,"4373","1",Assaí Atacadista - Peixinhos,Entrada,NULAssaí Atacadista - PeixinhosL,2025/11/18 07:12:53.299,,2025/11/18 09:35:05.801,"1","1",,a5f8f553-9c8e-4092-a631-02c2cb4bec0b,
"23321",c0c4ac93-7c47-4a18-8d5e-2d0975dbc8bf,,"4373","1",Restaurante Mustang,Entrada,Restaurante Mustang,2025/11/18 07:12:53.299,,2025/11/18 09:35:05.801,"1","1",,a5a0af6d-5ca0-44d4-ac8c-344330657535,
"23246",edac7348-6586-4260-aae1-61edf5d7255a,,"4373","1",Peixinhos 1,Rua Mariano Teixeira 114,Peixinhos 1,2025/11/18 07:12:53.299,,2025/11/18 09:35:05.801,"1","1",,1a1043d2-d19c-4b60-b2e0-be7e04da0f46,
"23322",66318d28-a5ff-403b-9b9a-d09b88ee3331,,"4373","1",Mercado da Encruzilhada,Entrada,Mercado da Encruzilhada,2025/11/18 07:12:53.299,,2025/11/18 09:35:05.801,"1","1",,28b7471e-020f-41ae-a8f5-d4b7d2dfebfd,
"23323",287f56f4-7784-4e10-aa69-73b01c00286d,,"4373","1",Hotel Cristal do Ibura,Entrada,NUHotel Cristal do IburaLL,2025/11/18 07:12:53.299,,2025/11/18 09:35:05.801,"1","1",,cde971a9-002a-4a40-8edd-4f6738479e5b,
"23324",7db29ad8-102f-4a92-81cb-081be4297701,,"4373","1",Hapvida - Pronto Atendimento (Derby),Entrada,Hapvida - Pronto Atendimento (Derby),2025/11/18 07:12:53.299,,2025/11/18 09:35:05.801,"1","1",,4087900e-ed63-4bd8-9f89-4256baf9580b,
"23296",d5480969-558a-4bca-a81c-fcfad44e33fb,,"4373","1",Mercado da Boa Vista,Entrada,Mercado da Boa Vista,2025/11/18 07:12:53.299,,2025/11/18 09:35:05.801,"1","1",,4f106d96-c8b3-4370-b29d-31d8cbcbfde6,
"23297",4de85098-2224-4c90-b2e5-9aa1bb47d4e6,,"4373","1",Delegacia do Alto do Pascoal,Entrada,Delegacia do Alto do Pascoal,2025/11/18 07:12:53.299,,2025/11/18 09:35:05.801,"1","1",,5c019f87-d538-4df2-ab46-3d395a19cf82,
"23298",78b6776b-dcc0-4049-ac7a-89e26d5fbfd4,,"4373","1",Hospital Guararapes,Emergencia & Ambulatorio,Hospital Guararapes,2025/11/18 07:12:53.299,,2025/11/18 09:35:05.801,"1","1",,002b193c-51fb-43e9-a4fb-393e0cb43317,
"23299",97c2ac03-71a9-42b6-bae3-b68c88e730ff,,"4373","1",Luan Promoções & Eventos,Entrada,Luan Promoções & Eventos,2025/11/18 07:12:53.299,,2025/11/18 09:35:05.801,"1","1",,f1067633-a350-4148-bc66-ee7934f4f84b,
"23300",3444393d-6ec3-4b86-a442-c955644172ad,,"4373","1",Assaí Atacadista,Entrada,Assaí Atacadista,2025/11/18 07:12:53.299,,2025/11/18 09:35:05.801,"1","1",,eb239285-2f52-4317-9e23-19434c53e2eb,
"23301",77ddab1a-e963-49c6-aa7f-a22725d2079c,,"4373","1",MR Supermercado,Entrada,MR Supermercado,2025/11/18 07:12:53.299,,2025/11/18 09:35:05.801,"1","0",,20e33318-a35b-43a3-aa58-386c0b8460b4,
"23302",3fd3653c-21c0-4d9e-b80e-86de9c730dfc,,"4373","1",Terminal Integrado de Camaragibe,Entrada,Terminal Integrado de Camaragibe,2025/11/18 07:12:53.299,,2025/11/18 09:35:05.801,"1","1",,24f47791-7333-4f8c-9edc-37cdd203d6e7,
"23326",69a95265-1316-4b84-9ed1-1784102fc6db,,"4373","1",Nexos Hotel Tamarineira,Entrada,Nexos Hotel Tamarineira,2025/11/18 07:12:53.299,,2025/11/18 09:35:05.801,"1","1",,622f037d-dd3d-4e52-b060-d2d283c2c645,
"23090",77da080a-d8f1-4f38-af8c-bc458e346ad5,,"4373","1",Hospital da Restauração Governador Paulo Guerra,Entrada,,2025/11/18 07:12:53.299,,2025/11/18 09:35:05.801,"1","1",,e7cf47fc-8ba7-49b2-a32c-4021f29ccbdc,
"23091",afaf0c68-f8be-4937-9c40-87dba6a9fc38,,"4373","1",Hospital da Restauração Governador Paulo Guerra,Emergencia Clinica,,2025/11/18 07:12:53.299,,2025/11/18 09:35:05.801,"1","1",,e7cf47fc-8ba7-49b2-a32c-4021f29ccbdc,
"23094",d3ff835f-9645-4c34-8bbf-ea29d10774a6,,"4373","1",UPA Imbirimbeira,Entrada,,2025/11/18 07:12:53.299,,2025/11/18 09:35:05.801,"1","1",,6a06bc6f-9e4e-4a16-9538-1aa9739f70f5,
"23288",c8a668d4-2234-4ec2-93b2-f3044e0f8474,,"4373","1",Luciano Bar,Entrada,,2025/11/18 07:12:53.299,,2025/11/18 09:35:05.801,"1","1",,111145a9-0bac-4c83-b90c-4cd933ec30d4,
"23270",3fe8c9e0-3058-433b-a1a3-86116a42d2ac,,"4373","1",Lá na ladeira gastrobar,Entrada,,2025/11/18 07:12:53.299,,2025/11/18 09:35:05.801,"1","1",,7cdac4a0-aeea-4f7e-b3a7-cbe5a9f7d711,
"23271",015d199e-e422-4cb6-95bd-9f8e81fd998a,,"4373","1",Atacadão - Recife Avenida Recife,Entrada,,2025/11/18 07:12:53.299,,2025/11/18 09:35:05.801,"1","1",,bc0d8fff-5a6c-4632-a695-7c765deb9242,
"23272",25009b2b-b872-4974-bf1c-292061c26666,,"4373","1",Carrefour Hipermercado,Entrada,,2025/11/18 07:12:53.299,,2025/11/18 09:35:05.801,"1","1",,fcc4ea90-8cb4-4e68-ba39-69653853c4b1,
"23303",4aeccc4d-d02b-40a8-abdb-5b30ba0cb443,,"4373","1",Peixinhos 2,Rua Gregório Bezerra 61,Peixinhos 2,2025/11/18 07:12:53.299,,2025/11/18 09:35:05.801,"1","1",,959880be-b011-4f6c-b925-fe63f17c67e2,
"23334",d2e139ad-033d-48b6-9866-f28e761fb15c,,"4373","1",Conjunto Residencial Yapoatan,Entrada,Conjunto Residencial Yapoatan,2025/11/18 07:12:53.299,,2025/11/18 09:35:05.801,"1","1",,3511a597-8a23-4a82-923b-1e70ba3c6289,
"23335",393b1647-f64c-4155-ba40-59546d56f095,,"4373","1",Mercadinho e Padaria Monte Cristo,Entrada,Mercadinho e Padaria Monte Cristo,2025/11/18 07:12:53.299,,2025/11/18 09:35:05.801,"1","1",,0eacd2b9-3dc3-4951-9b6a-b8434204abad,
"23337",c9954ddc-48ec-40cc-9f9b-f2fc2539cea3,,"4373","1",UPAE - Unidade de Pronto Atendimento Especializado,Entrada,UPAE - Unidade de Pronto Atendimento Especializado,2025/11/18 07:12:53.299,,2025/11/18 09:35:05.801,"1","1",,52a18a5a-5918-4785-8551-3ec55d6733a4,
"23338",4ad24637-ae74-4a05-a4b5-a302201bb8e1,,"4373","1",Atacadão - Iputinga,Entrada,Atacadão - Iputinga,2025/11/18 07:12:53.299,,2025/11/18 09:35:05.801,"1","1",,88ae36b8-0b54-4142-8344-610f29b9b747,
"23339",c93fb6dc-e2b5-4d9c-a094-364866cff147,,"4373","1",Zeferino Agra,Rua Zeferino Agra 318,Zeferino Agra,2025/11/18 07:12:53.299,,2025/11/18 09:35:05.801,"1","1",,e0f1f108-ed73-4c4e-b6fd-ca0a5c909c83,
"23340",6decfabb-a854-459c-bde1-6e91181dbbbc,,"4373","1",Grau Técnico Recife Imbiribeira,Entrada,Grau Técnico Recife Imbiribeira,2025/11/18 07:12:53.299,,2025/11/18 09:35:05.801,"1","1",,b8ba9677-24c5-40a0-a450-57be736ee9c2,
"23319",be6a43b1-7258-4372-b4ad-3033211e0070,,"4373","1",Hospital Militar de Área de Recife,Entrada,,2025/11/18 07:12:53.299,,2025/11/18 09:35:05.801,"1","1",,a36b904b-e39b-4705-9f32-5e4ec049b55c,
"23341",09572c7e-0550-429d-a2f1-bb360aac62ff,,"4373","1",Eros Hotel - Afogados,Entrada,,2025/11/18 07:12:53.299,,2025/11/18 09:35:05.801,"1","1",,03d4539f-6c3f-46b1-8109-462125e31e57,
"23274",3635a54b-1796-40c6-b722-2cd68305e867,,"4373","1",Novo Atacarejo Guabiraba,Entrada,Novo Atacarejo Guabiraba,2025/11/18 07:12:53.299,,2025/11/18 09:35:05.801,"1","1",,6170c30e-6dbd-4a8c-8b88-4c454c68f774,
"23280",35210f69-7f16-4185-a6ee-9c451bdba23e,,"4373","1",Terminal Marcos Freire,Entrada,Terminal Marcos Freire,2025/11/18 07:12:53.299,,2025/11/18 09:35:05.801,"1","1",,84a17950-1b3c-4768-823a-6c1bc176e7ac,
"23343",19901212-ea16-4da9-8f51-7dd1be469669,,"4373","1",Mercado da Madalena,Entrada Leste,Mercado da Madalena,2025/11/18 07:12:53.299,,2025/11/18 09:35:05.801,"1","1",,d5aacc05-6830-4c2c-a947-26113cc23a52,
"23344",9fec52d1-6014-4d60-916a-ad7472d25291,,"4373","1",Mercado da Madalena,Entrada Oeste,Mercado da Madalena,2025/11/18 07:12:53.299,,2025/11/18 09:35:05.801,"1","0",,d5aacc05-6830-4c2c-a947-26113cc23a52,
"23093",db77e3c3-6cc7-4b69-896d-7d2b82b00710,,"4373","1",Mercado de Água Fria,Entrada,Mercado de Água Fria,2025/11/18 07:12:53.299,,2025/11/18 09:35:05.801,"1","1",,ec164297-0292-47e6-9141-da69fd4a2cd1,
"23304",80313541-88aa-471e-8524-5149bb1e3d3d,,"4373","1",RESENHA 640,Entrada,,2025/11/18 07:12:53.299,,2025/11/18 09:35:05.801,"1","1",,cd91a8fb-c53e-4611-b8c2-0e38e61d0582,
"23346",fb932e2e-623f-45b7-b7e2-f7e614dff137,,"4373","1",Trevo Supermercados COHAB Recife,Entrada,Trevo Supermercados COHAB Recife,2025/11/18 07:12:53.299,,2025/11/18 09:35:05.801,"1","1",,c8d4eaf8-607c-4a16-8030-e74655ec4035,
"23347",bb086af8-cd79-4644-be7d-9c292430b611,,"4373","1",Hemope,Entrada,Hemope,2025/11/18 07:12:53.299,,2025/11/18 09:35:05.801,"1","1",,96082d24-ea5c-4926-b942-129ec985cfcc,
"23285",6d65aff8-5436-4567-ab02-c502f9c46bb4,,"4373","1",Lounge Music,Entrada,,2025/11/18 07:12:53.299,,2025/11/18 09:35:05.801,"1","1",,c94f96d5-d5f0-4321-b374-f13ca197e887,
"288",0079192f-dbf6-497f-841d-d80448230f77,,"4373","1",Shopping Tacaruna,Entrada 3,Shopping Tacaruna,2025/11/18 07:12:53.299,,2025/11/18 09:35:05.801,"1","0",,5e198a28-c36e-46a5-add8-d2c68e5755e4,
"304",a0cc28f5-e2c0-49a3-af5f-c488e67dd6f1,,"4373","1",Piso 2,Entrada 1,Shopping Recife,2025/11/18 07:12:53.299,,2025/11/18 09:35:05.801,"1","0",,cb3e6ba6-1312-40c2-b9af-fa4255cb4dff,
"22257",02bef8d3-1964-493a-8653-1e09ea7b0d80,,"4373","1",UPA Nova Descoberta – Solano Trindade,Entrada,UPA Nova Descoberta – Solano Trindade,2025/11/18 07:12:53.299,,2025/11/18 09:35:05.801,"1","1",,3afd4b95-db9e-4df9-a7f4-1eea259415b3,
"23102",48b6d9a4-406c-4905-aab7-2b48496189e2,,"4373","1",CISAM - UPE - Unidade Hospitalar,Entrada,CISAM - UPE - Unidade Hospitalar,2025/11/18 07:12:53.299,,2025/11/18 09:35:05.801,"1","1",,4b7c6fe0-9299-43f8-9a0f-19c7edee488d,
"23225",ecc00edd-3884-4359-8196-a4e3cb21b7ba,,"4373","1",Atacadão - Prazeres,Entrada,Atacadão - Prazeres,2025/11/18 07:12:53.299,,2025/11/18 09:35:05.801,"1","1",,50314f49-70dc-45cc-adf0-5ee4cb651e1b,
"23107",840bac9e-c797-4e81-b4d8-265f27b9879c,,"4373","1",Mercado de São José,Entrada,,2025/11/18 07:12:53.299,,2025/11/18 09:35:05.801,"1","0",,7c9996a5-a09b-40c6-a0cf-bfe015140da2,
"23109",0f8747a5-5134-40f1-b0de-4e33b3f9d7c1,,"4373","1",Hospital das Clínicas UFPE,Entrada,,2025/11/18 07:12:53.299,,2025/11/18 09:35:05.801,"1","1",,cf76f4ee-2250-4260-90a2-5109e0d0778f,
"23110",b4656033-5f6b-4024-b5d9-e27e8489cecd,,"4373","1",Real Hospital Português,Entrada,,2025/11/18 07:12:53.299,,2025/11/18 09:35:05.801,"1","1",,9f7b60be-31a8-4f90-8fa1-acbfffce8a43,
"23111",4b877caf-cc96-4c00-beca-f6888a2e6ac7,,"4373","1",Policlínica e Maternidade Professor Barros Lima,Entrada,,2025/11/18 07:12:53.299,,2025/11/18 09:35:05.801,"1","1",,c10d0665-e1dc-4196-ae2f-c58a36c68e20,
"23128",5e27a91f-c7c3-45b3-b93e-86fc6c378302,,"4373","1",Hospital Infantil Mandacaru,Emergencia,Hospital Infantil Mandacaru,2025/11/18 07:12:53.299,,2025/11/18 09:35:05.801,"1","0",,0518b834-1f07-4f9c-9dfc-1a6f2fedbbf7,
"23027",541acc25-d212-4063-ac87-43c277596ed1,,"4373","1",Hospital Otávio de Freitas,Hospital Otávio de Freitas,Hospital Otávio de Freitas,2025/11/18 07:12:53.299,,2025/11/18 09:35:05.801,"1","1",,048c8052-10b2-4d14-bbc3-8ea702467dc0,
"23129",bc84eab2-b9a1-4c03-939c-3beed9c07aef,,"4373","1",Hospital Infantil Mandacaru,Hospital Infantil Mandacaru,NHospital Infantil MandacaruLL,2025/11/18 07:12:53.299,,2025/11/18 09:35:05.801,"0","1",,0518b834-1f07-4f9c-9dfc-1a6f2fedbbf7,
"23130",babb948a-c06e-4d8a-bd70-07a15e7d772d,,"4373","1",Plaza Casa Forte,Plaza Casa Forte,Plaza Casa Forte,2025/11/18 07:12:53.299,,2025/11/18 09:35:05.801,"0","1",,eff8a342-7c0b-44f1-b6a0-553ad640131f,
"23131",7d8b4421-5978-4536-83fe-981dd35e91e3,,"4373","1",Mercado de Afogados,Entrada Norte,Mercado de Afogados,2025/11/18 07:12:53.299,,2025/11/18 09:35:05.801,"1","0",,d09ce55e-a57d-4473-b641-d9e62097b2a1,
"23132",2b4b3cef-7cd1-429a-8372-e1c410791d39,,"4373","1",Mercado de Afogados,Entrada Sul,Mercado de Afogados,2025/11/18 07:12:53.299,,2025/11/18 09:35:05.801,"1","0",,d09ce55e-a57d-4473-b641-d9e62097b2a1,
"23133",b255d04a-eb89-4c73-9aca-45e0ae5c5cad,,"4373","1",Mercado de Afogados,Entrada Ieste,Mercado de Afogados,2025/11/18 07:12:53.299,,2025/11/18 09:35:05.801,"1","0",,d09ce55e-a57d-4473-b641-d9e62097b2a1,
"23098",e1215ef1-3ecb-4654-93c0-5381e8f9563b,,"4373","1",Centro da Moda,Entrada,Centro da Moda,2025/11/18 07:12:53.299,,2025/11/18 09:35:05.801,"1","1",,d083817b-cdea-4e1c-92b0-26c56112ef14,
"23089",a03d4833-e232-4ff8-adb9-47259d4206ec,,"4373","1",Policlínica e Maternidade Professor Arnaldo Marques,Entrada,,2025/11/18 07:12:53.299,,2025/11/18 09:35:05.801,"1","1",,93affe76-5783-4a89-8fa9-308a0a204cae,
"23170",65529a20-b150-467e-a9a8-a54ce311f8df,,"4373","1",Mix Mateus Santo Amaro - Recife,Entrada,Mix Mateus Santo Amaro - Recife,2025/11/18 07:12:53.299,,2025/11/18 09:35:05.801,"1","1",,ce7f806e-2142-4e2f-a0fe-3e853fdfd68c,
"366",e20a9127-62f4-4209-bbfd-b31c40ca5ed1,,"4373","1","Nível 2, South, Embarque",B5,Aeroporto Internacional do Recife,2025/11/18 07:12:53.299,,2025/11/18 09:35:05.801,"1","0",,16a26765-89cb-4e1a-80c0-e6d1140fe915,
"308",90518783-4804-4195-b716-ad298541059f,,"4373","1","Nível 2, North, Embarque",B2,Aeroporto Internacional do Recife,2025/11/18 07:12:53.299,,2025/11/18 09:35:05.801,"1","0",,16a26765-89cb-4e1a-80c0-e6d1140fe915,
"23099",e76b9e59-ba85-4f38-b0e5-1c003d20c945,,"4373","1",Centro da Moda,Centro da Moda,Centro da Moda,2025/11/18 07:12:53.299,2025/11/13 14:30:04.655,2025/11/18 09:35:05.801,"0","1",,d083817b-cdea-4e1c-92b0-26c56112ef14,
"23125",9ca0bcea-252f-4c4e-9174-85da090d7fdf,,"4373","1",Rio Mar Trade Center,Entrada,Rio Mar Trade Center,2025/11/18 07:12:53.299,,2025/11/18 09:35:05.801,"1","1",,e401a414-7670-45ab-8a10-680a0a660ffc,
"23123",42c3d72f-83dd-4ccb-bd66-292fb1ce4a72,,"4373","1",UPA Olinda,Entrada,UPA Olinda,2025/11/18 07:12:53.299,,2025/11/18 09:35:05.801,"1","1",,bb166883-d4c0-4f59-9f25-fa5199e6f208,
"23023",f43e9276-e812-44c4-a438-54612c0dbadc,,"4373","1",Presídio de Igarassu,Presídio de Igarassu,Presídio de Igarassu,2025/11/18 07:12:53.299,,2025/11/18 09:35:05.801,"1","1",,637fe4ad-6861-44a4-927a-f4482b6ffbeb,
"23029",4fb1eab3-ed1f-4d09-ac23-eb0e2cb31e1f,,"4373","1",PROCAPE,PROCAPE,PROCAPE,2025/11/18 07:12:53.299,,2025/11/18 09:35:05.801,"1","1",,2a49aa4e-d13e-417c-b480-19a226962bb2,
"23026",654cc97b-91ac-41a0-b8a2-17640ea84feb,,"4373","1",Hospital Agamenon Magalhães,Hospital Agamenon Magalhães,Hospital Agamenon Magalhães,2025/11/18 07:12:53.299,,2025/11/18 09:35:05.801,"1","1",,f690574b-6b3a-456c-bcb4-2b00d14aa6fb,
"273",3f98653e-c840-4e3c-acf2-bad1eac13d3e,,"4373","1",Camará Shopping,Parada 1,Camará Shopping,2025/11/18 07:12:53.299,,2025/11/18 09:35:05.801,"1","0",,8ab3d8fd-8502-4ac8-bea4-15c6a50caa88,
"6912",48041864-cf2b-49df-81c3-c29417eb454c,,"4373","1","Nível 2, North, Embarque",B3,Aeroporto Internacional do Recife,2025/11/18 07:12:53.299,,2025/11/18 09:35:05.801,"1","0",,16a26765-89cb-4e1a-80c0-e6d1140fe915,
"23101",d585c134-d898-43e1-8943-5b5f26f85755,,"4373","1",Mix Mateus Areias,Mix Mateus Areias,Mix Mateus Areias,2025/11/18 07:12:53.299,2025/11/13 14:30:04.655,2025/11/18 09:35:05.801,"0","1",,ed9ca6ff-ca95-402d-a1f4-08e2fc21c68f,
"23100",af288fc5-215b-4048-9722-758be1264787,,"4373","1",Mix Mateus Areias,Entrada,Mix Mateus Areias,2025/11/18 07:12:53.299,,2025/11/18 09:35:05.801,"1","1",,ed9ca6ff-ca95-402d-a1f4-08e2fc21c68f,
"23151",88a8bf88-f30e-4ccd-bf88-42a7deb2f197,,"4373","1",Mix Mateus Boa Viagem,Entrada,Mix Mateus Boa Viagem,2025/11/18 07:12:53.299,,2025/11/18 09:35:05.801,"1","1",,1521f3ba-0d4b-45be-9acd-d6695730d501,
"292",d2ad13cc-c9ab-4242-8ce3-788d08a41f12,,"4373","1",Paulista North Way Shopping,Entrada 1,Paulista North Way Shopping,2025/11/18 07:12:53.299,,2025/11/18 09:35:05.801,"1","0",,1b5a7f5f-b8e9-4703-ba69-95926518e0fa,
"294",3f2d1ab3-cf3d-48e5-85cd-1c3c44915556,,"4373","1",Shopping RioMar,Entrada 3,Shopping RioMar,2025/11/18 07:12:53.299,,2025/11/18 09:35:05.801,"1","0",,3770a864-8e0c-4d8e-b023-181de3b4680a,
"295",925f0f26-9f13-4ca7-93a9-1f208a8c3308,,"4373","1",Shopping RioMar,Entrada 2,Shopping RioMar,2025/11/18 07:12:53.299,,2025/11/18 09:35:05.801,"1","0",,3770a864-8e0c-4d8e-b023-181de3b4680a,
"296",a44d4d85-f458-443e-8d87-7b0ff98018c1,,"4373","1",Shopping RioMar,Entrada 4,Shopping RioMar,2025/11/18 07:12:53.299,,2025/11/18 09:35:05.801,"1","0",,3770a864-8e0c-4d8e-b023-181de3b4680a,
"6911",732eb735-0e17-41b0-b19e-8abb5a096d91,,"4373","1","Nível 2, North, Embarque",B1,Aeroporto Internacional do Recife,2025/11/18 07:19:45.147,,2025/11/18 09:35:05.801,"1","0",,16a26765-89cb-4e1a-80c0-e6d1140fe915,
"23239",01571dac-e85b-4c51-a07e-a2fc59c98fce,,"4373","1",Classic Hall,Classic Hall,Classic Hall,2025/11/18 07:12:53.299,2025/11/13 14:30:04.655,2025/11/18 09:35:05.801,"0","1",,9e827471-e664-4e96-bd9c-e7f5ca6d27aa,
"23184",d4d51124-6675-4a51-9c9b-ca0c52b9334c,,"4373","1",Novo Atacarejo Paulista,Novo Atacarejo Paulista,Novo Atacarejo Paulista,2025/11/18 07:12:53.299,2025/11/13 14:30:04.655,2025/11/18 09:35:05.801,"0","1",,25c71f0f-3b34-481e-9616-79e9963845e4,
"23318",4326af7f-bc5d-43f9-89e0-2ec5cff6b1a3,,"4373","1",Mistureba Comedoria e Boteco,Entrada,,2025/11/18 07:12:53.299,,2025/11/18 09:35:05.801,"1","1",,c8cfbf34-1e68-4dce-9efd-bf6ac4f4735c,
"23103",8b4927f5-d4ef-49ba-b0ff-71f094fc7fcc,,"4373","1",CISAM - UPE - Unidade Hospitalar,CISAM - UPE - Unidade Hospitalar,NUCISAM - UPE - Unidade HospitalarLL,2025/11/18 07:12:53.299,2025/11/13 14:30:04.655,2025/11/18 09:35:05.801,"0","1",,4b7c6fe0-9299-43f8-9a0f-19c7edee488d,
"23171",14079908-ca6a-4d4a-8095-41d6885117d9,,"4373","1",Mix Mateus Santo Amaro - Recife,Mix Mateus Santo Amaro - Recife,Mix Mateus Santo Amaro - Recife,2025/11/18 07:12:53.299,2025/11/13 14:30:04.655,2025/11/18 09:35:05.801,"0","1",,ce7f806e-2142-4e2f-a0fe-3e853fdfd68c,
"23122",5ae16759-b836-4ed3-b11f-caa9307afdea,,"4373","1",Hospital Tricentenàrio,Hospital Tricentenàrio,Hospital Tricentenàrio,2025/11/18 07:12:53.299,,2025/11/18 09:35:05.801,"0","1",,7601aadc-0d8e-42cd-beaf-612e480b4733,
"23112",8551b8aa-57cd-427c-a9cd-8b7e2100c0ce,,"4373","1",Hospital Getúlio Vargas,Entrada Ambulatorio,Hospital Getúlio Vargas,2025/11/18 07:12:53.299,,2025/11/18 09:35:05.801,"1","0",,46c7bc34-705c-439b-a36d-90022996eca8,
"23113",e586d4b8-9838-47a9-9cc0-362713188f41,,"4373","1",Hospital Getúlio Vargas,Entrada,Hospital Getúlio Vargas,2025/11/18 07:12:53.299,,2025/11/18 09:35:05.801,"1","0",,46c7bc34-705c-439b-a36d-90022996eca8,
"23345",03c14532-7141-425e-9e11-863a16f8cbe1,,"4373","1",Mamute beer,Entrada,NMamute beerULL,2025/11/18 07:12:53.299,,2025/11/18 09:35:05.801,"1","0",,290b0053-e54b-4a5a-8a69-384eebab219f,
"23294",3827981c-7f7d-415e-b7a4-7ddb03446f1f,,"4373","1",Santa Casa de Misericórdia do Recife,Entrada,Santa Casa de Misericórdia do Recife,2025/11/18 07:12:53.299,,2025/11/18 09:35:05.801,"1","1",,a77ba401-dc1d-423c-a88f-a5231959aca8,
"22253",3a516e90-7e6e-41bb-b922-2411356a245f,,"4373","1",Hospital da Mulher de Recife,Ambulancia,Hospital da Mulher de Recife,2025/11/18 07:12:53.299,,2025/11/18 09:35:05.801,"1","0",,f4625bc6-5dc1-445c-a658-10f04f3f3f2a,
"23295",9c9d73e3-cd3c-42be-8676-dd4a3475165a,,"4373","1",Penitenciária Agro Industrial São João (PAISJ),Entrada,Penitenciária Agro Industrial São João (PAISJ),2025/11/18 07:12:53.299,,2025/11/18 09:35:05.801,"1","1",,f4e86f4b-0432-480f-bcfa-5706bcbd979d,
"22254",8895bf1c-45e9-4014-8a78-ae59d8dbdceb,,"4373","1",Hospital da Mulher de Recife,Entrada,Hospital da Mulher de Recife,2025/11/18 07:12:53.299,,2025/11/18 09:35:05.801,"1","1",,f4625bc6-5dc1-445c-a658-10f04f3f3f2a,
"23273",6b730e73-96f8-436c-9de5-870f1c1c14d9,,"4373","1",Atacadão - Paulista,Entrada,Atacadão - Paulista,2025/11/18 07:12:53.299,,2025/11/18 09:35:05.801,"1","0",,4f647fce-170f-4b93-b435-0f3a28e54ba3,
"23277",66d8df22-0f58-442b-a7c4-44f13bc7418c,,"4373","1",SPA de PEIXINHOS,Entrada,,2025/11/18 07:12:53.299,,2025/11/18 09:35:05.801,"1","1",,a8c9b3dc-32b9-4fe3-9ca5-ff378a504c42,
"23279",4adcaa27-d3ba-4534-ac7a-1bcfc3b4d6eb,,"4373","1",UPAE Mustardinha,Entrada,,2025/11/18 07:12:53.299,,2025/11/18 09:35:05.801,"1","1",,0d6e50ce-035a-4920-875d-a0d6e681deb8,
"23283",7e4d413f-3f93-4555-a63d-f2cbea1f59fc,,"4373","1",Clube Metrópole,Entrada,,2025/11/18 07:12:53.299,,2025/11/18 09:35:05.801,"1","1",,d0220539-b9ee-4d9f-ab33-fe393730b3ac,
"23284",634c24f4-5d76-48fc-b40f-8179e2ff5bab,,"4373","1",Shopping Igarassu,Entrada,,2025/11/18 07:12:53.299,,2025/11/18 09:35:05.801,"1","1",,51dcea80-8d17-439d-8e18-d2a5cd50753d,
"23120",a7d0bb3e-2355-4c9b-bbc2-b1d6300c4cef,,"4373","1",Hospital Tricentenàrio,Emergencia,Hospital Tricentenàrio,2025/11/18 07:12:53.299,,2025/11/18 09:35:05.801,"1","0",,7601aadc-0d8e-42cd-beaf-612e480b4733,
"23227",9ae65a7a-996f-44ed-8c59-092d2786fd5e,,"4373","1",Centro de Convenções de Pernambuco,Entrada 1,Centro de Convenções de Pernambuco,2025/11/18 07:12:53.299,,2025/11/18 09:35:05.801,"1","0",,5ffba5d5-02c8-4b03-8863-85c88b4865f0,
"23228",696267c3-4703-45f9-89a4-67e1de194abc,,"4373","1",Centro de Convenções de Pernambuco,Centro de Convenções de Pernambuco,NUCentro de Convenções de PernambucoLL,2025/11/18 07:12:53.299,,2025/11/18 09:35:05.801,"0","1",,5ffba5d5-02c8-4b03-8863-85c88b4865f0,
"23193",b2149df1-4c2d-457e-9cfa-9bccbd2d7377,,"4373","1",Maternidade Professor Bandeira Filho,Ambulancias,Maternidade Professor Bandeira Filho,2025/11/18 07:12:53.299,,2025/11/18 09:35:05.801,"1","0",,6e1384c9-e4e7-470e-afa6-a916499d47ae,
"23201",9200fe86-48da-44bb-86fb-68754924e6f2,,"4373","1",Novo Atacarejo Olinda,Entrada,,2025/11/18 07:12:53.299,,2025/11/18 09:35:05.801,"1","1",,923da46e-dae9-4a43-8b0a-a5c52c90e582,
"23194",412001c2-cf9c-46e9-abc4-316f33e281c7,,"4373","1",Maternidade Professor Bandeira Filho,Maternidade Professor Bandeira Filho,Maternidade Professor Bandeira Filho,2025/11/18 07:12:53.299,,2025/11/18 09:35:05.801,"0","1",,6e1384c9-e4e7-470e-afa6-a916499d47ae,
"23187",413b4d0b-24d1-4ee9-9499-086da3098d7e,,"4373","1",Center Doces,Center Doces,Center Doces,2025/11/18 07:12:53.299,2025/11/13 14:30:04.655,2025/11/18 09:35:05.801,"0","1",,b5434c7a-6d0e-4b73-afa5-fef12bbb8e80,
"23231",c378d044-17f4-4b81-8c67-a52d21ac1f8e,,"4373","1",DETRAN-PE (sede),DETRAN-PE (sede),DETRAN-PE (sede),2025/11/18 07:12:53.299,2025/11/13 14:30:04.655,2025/11/18 09:35:05.801,"0","1",,12be9ac3-5938-4cab-a5b1-e4d0971c33db,
"23233",b98ea362-7e1a-4864-bbec-d0d146535726,,"4373","1",Hospital Eduardo Campos da Pessoa Idosa,Hospital Eduardo Campos da Pessoa Idosa,Hospital Eduardo Campos da Pessoa Idosa,2025/11/18 07:12:53.299,2025/11/13 14:30:04.655,2025/11/18 09:35:05.801,"0","1",,f9a2ac4d-7c8d-488b-a3a3-248002a2e617,
"23235",620e57a0-619d-482b-af9f-9bf6bcd208a0,,"4373","1",Terminal Integrado Macaxeira,Terminal Integrado Macaxeira,Terminal Integrado Macaxeira,2025/11/18 07:12:53.299,2025/11/13 14:30:04.655,2025/11/18 09:35:05.801,"0","1",,e5f0a151-4161-4830-bf56-4c3750eb2278,
"23232",51bc65e2-7e27-4162-946e-96b31605ac4a,,"4373","1",Hospital Eduardo Campos da Pessoa Idosa,Entrada,Hospital Eduardo Campos da Pessoa Idosa,2025/11/18 07:12:53.299,,2025/11/18 09:35:05.801,"1","1",,f9a2ac4d-7c8d-488b-a3a3-248002a2e617,
"23230",64cd42ec-abc0-4fdc-bd46-2d2e213a7d66,,"4373","1",DETRAN-PE (sede),Entrada,DETRAN-PE (sede),2025/11/18 07:12:53.299,,2025/11/18 09:35:05.801,"1","1",,12be9ac3-5938-4cab-a5b1-e4d0971c33db,
"23234",4bf5a8c9-4c9c-48b8-8978-4f22f263a0f9,,"4373","1",Terminal Integrado Macaxeira,Entrada,Terminal Integrado Macaxeira,2025/11/18 07:12:53.299,,2025/11/18 09:35:05.801,"1","1",,e5f0a151-4161-4830-bf56-4c3750eb2278,
"23269",85a6b2b8-9854-4bce-86c1-722d7eaaf8db,,"4373","1",Mercado de Boa Viagem,Entrada 2,Mercado de Boa Viagem,2025/11/18 07:12:53.299,,2025/11/18 09:35:05.801,"1","0",,d2376f56-1867-4304-a3e6-fb8efadabb2b,
"23032",ea04e09a-7e64-4354-bcf3-9cdfd4a5fc1b,,"4373","1",CEASA Pernambuco,Entrada (R. Jundiaí),,2025/11/18 07:12:53.299,2025/09/05 06:39:36.602,2025/11/18 09:35:05.801,"1","0",,,
"20780",1aa8eb80-3e98-4e80-b781-cb228373ca6c,,"4373","1",Centro de Convenções de Pernambuco,Entrada,Centro de Convenções de Pernambuco,2025/11/18 07:12:53.299,2025/06/27 08:56:50.535,2025/11/18 09:35:05.801,"1","0",,5ffba5d5-02c8-4b03-8863-85c88b4865f0,
"23348",42f956e6-0826-4476-a8e9-d8e1298858bb,,"4373","1",Riomar Trade Center 4 e 5,Entrada,Riomar Trade Center 4 e 5,2025/11/18 07:12:53.299,,2025/11/18 09:35:05.801,"1","1",,7655f4c5-9202-4e71-88d6-74cfc1f0476a,
"23349",3e7c7d7f-4492-4711-9f23-87e7d46c98e4,,"4373","1",Condomínio João Paulo II,Entrada,Condomínio João Paulo II,2025/11/18 07:12:53.299,,2025/11/18 09:35:05.801,"1","1",,7d2d368e-e4e8-46d3-9663-a247d097e965,
"23282",c58b4da2-bbca-41ed-bab8-b08e8d8af2bb,,"4373","1",Supermercado Arco-Mix Cavaleiro,Entrada,Supermercado Arco-Mix Cavaleiro,2025/11/18 07:12:53.299,,2025/11/18 09:35:05.801,"1","0",,5da94dfa-ca08-47d1-adf6-085572bacda4,
"23342",9efc9be2-9fb3-4b27-ac63-d2ce5b041627,,"4373","1",Supermercado Kanela Varadouro Olinda,Entrada,Supermercado Kanela Varadouro Olinda,2025/11/18 07:12:53.299,,2025/11/18 09:35:05.801,"1","0",,efd7a15c-7628-41c9-9a1b-df70e530fe36,
"23121",18fa6ce7-500c-425c-80de-bf1f3d85b542,,"4373","1",Hospital Tricentenàrio,Maternidade,Hospital Tricentenàrio,2025/11/18 07:12:53.299,,2025/11/18 09:35:05.801,"1","0",,7601aadc-0d8e-42cd-beaf-612e480b4733,
"23278",1f1dcfe5-2ecf-4467-b213-5b69dd893384,,"4373","1",Hospital Ilha do Leite - Hapvida,Entrada,,2025/11/18 07:12:53.299,,2025/11/18 09:35:05.801,"1","1",,cba6432b-758c-461d-9b67-e7ee1965a5be,
"349",7bd97f38-d1d4-4f44-ac1b-0527aaeb991e,,"4373","1",Shopping Tacaruna,Entrada 1,Shopping Tacaruna,2025/11/18 07:12:53.299,,2025/11/18 09:35:05.801,"1","0",,5e198a28-c36e-46a5-add8-d2c68e5755e4,
"6975",f28b9ccd-96d5-4357-a32c-e301812a6b8d,,"4373","1","Nível 2, South, Embarque",B6,Aeroporto Internacional do Recife,2025/11/18 07:12:53.299,,2025/11/18 09:35:05.801,"1","0",,16a26765-89cb-4e1a-80c0-e6d1140fe915,
"23315",49afda22-b50e-4ffc-ab19-d36adc4678c8,,"4373","1",Estação Jaboatão,Entrada,,2025/11/18 07:12:53.299,,2025/11/18 09:35:05.801,"1","1",,c8176bdf-8eb7-48d8-9c20-85717295411d,
"23316",bd6735f5-bb5f-4ed2-babe-8125882ee0f0,,"4373","1",Central da Picanha - Rodízio de Carnes,Entrada,,2025/11/18 07:12:53.299,,2025/11/18 09:35:05.801,"1","1",,971868e5-8dc4-4059-a048-de94f5383bf5,
"297",0881bf61-20db-4341-9b79-81c1873f3ca6,,"4373","1",Shopping BoaVista,Entrada 2,Shopping BoaVista,2025/11/18 07:12:53.299,2025/08/13 11:23:41.793,2025/11/18 09:35:05.801,"1","0",,302b38e7-a544-42c4-931b-16b2c40f5031,
"23243",15e71b71-d6a5-4b34-8475-a48e71380b02,,"4373","1",Unibra Campus I,Unibra Campus I,Unibra Campus I,2025/11/18 07:12:53.299,2025/09/02 10:03:43.318,2025/11/18 09:35:05.801,"0","1",,9117d6b8-56e5-41aa-a311-cda8c1314d44,
"23207",5efdad39-5133-442c-a019-68cb72148964,,"4373","1",Assaí Atacadista,Assaí Atacadista,Assaí Atacadista,2025/11/18 07:12:53.299,2025/11/13 14:30:04.655,2025/11/18 09:35:05.801,"0","1",,28546a02-e935-441d-876c-f3abf5933bd5,
"23209",644deaab-55d5-4061-a8e4-a6c1e907a52d,,"4373","1",Estação Afogados,Estação Afogados,Estação Afogados,2025/11/18 07:12:53.299,2025/11/13 14:30:04.655,2025/11/18 09:35:05.801,"0","1",,e63076b6-ab51-4d8e-bb04-fbc6d4efd5bd,
"23206",c490a35c-1595-4c37-8c19-598228098433,,"4373","1",Assaí Atacadista,Entrada,Assaí Atacadista,2025/11/18 07:12:53.299,,2025/11/18 09:35:05.801,"1","1",,28546a02-e935-441d-876c-f3abf5933bd5,
"23208",24d34f12-12c4-49cb-a506-ab9bd21c034e,,"4373","1",Estação Afogados,Entrada,Estação Afogados,2025/11/18 07:12:53.299,,2025/11/18 09:35:05.801,"1","1",,e63076b6-ab51-4d8e-bb04-fbc6d4efd5bd,
"23210",da48b384-8308-467f-b2c4-1636a1fd9575,,"4373","1",Estádio José do Rego Maciel (Arruda),Entrada,Estádio José do Rego Maciel (Arruda),2025/11/18 07:12:53.299,,2025/11/18 09:35:05.801,"1","1",,cb55bbbb-1acb-4345-816b-f33705a21d9f,
"287",43a15a30-5693-47f7-9df7-cce5cee5a3ee,,"4373","1",Shopping BoaVista,Entrada (R. Corredor do Bpo.),Shopping BoaVista,2025/11/18 07:12:53.299,,2025/11/18 09:35:05.801,"1","0",,302b38e7-a544-42c4-931b-16b2c40f5031,
"23211",2de70916-d42c-4cd1-baf3-88975b8fa573,,"4373","1",Estádio José do Rego Maciel (Arruda),Estádio José do Rego Maciel (Arruda),Estádio José do Rego Maciel (Arruda),2025/11/18 07:12:53.299,2025/11/13 14:30:04.655,2025/11/18 09:35:05.801,"0","1",,cb55bbbb-1acb-4345-816b-f33705a21d9f,
"23212",da262c13-b7b6-40b0-bdc6-2c3c65371a94,,"4373","1",Hospital Miguel Arraes,Entrada,,2025/11/18 07:12:53.299,,2025/11/18 09:35:05.801,"1","1",,4be25955-1ba7-4171-af95-9e2494858543,
"23213",de7fd194-914f-4aad-bcca-c85a938c454a,,"4373","1",Hospital Miguel Arraes,Emergência,,2025/11/18 07:12:53.299,,2025/11/18 09:35:05.801,"1","1",,4be25955-1ba7-4171-af95-9e2494858543,
"23216",2edf3184-e451-41e5-a0fc-fdd7cdb8934d,,"4373","1",Boteco Me Confessando Bar,Entrada,,2025/11/18 07:12:53.299,,2025/11/18 09:35:05.801,"1","1",,9630f2ce-5753-4756-8b35-8083beb56559,
"23222",38df7cb3-1e27-4740-8095-47f22d47d9b8,,"4373","1",Estação Prazeres,Estação Prazeres,Estação Prazeres,2025/11/18 07:12:53.299,2025/11/13 14:30:04.655,2025/11/18 09:35:05.801,"0","1",,43d3c601-380e-4364-89d4-639e4a5d44a1,
"23221",76e85b9e-c431-4fc5-945c-88885943f6eb,,"4373","1",Estação Prazeres,Entrada,Estação Prazeres,2025/11/18 07:12:53.299,,2025/11/18 09:35:05.801,"1","1",,43d3c601-380e-4364-89d4-639e4a5d44a1,
"23223",b119ed98-2b8c-4c87-930b-9e98441c5d20,,"4373","1",Centro Comunitário da Paz - Compaz Governador Eduardo Campos,Entrada,Centro Comunitário da Paz - Compaz Governador Eduardo Campos,2025/11/18 07:12:53.299,,2025/11/18 09:35:05.801,"1","1",,ecf7b0d6-f2f1-4b10-bc1c-8f6b75236c19,
"23203",e21a8741-c173-4d26-945e-5452f3686cae,,"4373","1",Bar do Cuscuz,Bar do Cuscuz,Bar do Cuscuz,2025/11/18 07:12:53.299,2025/11/13 14:30:04.655,2025/11/18 09:35:05.801,"0","1",,e140c9e1-103a-4f12-bc9a-1c6367d10209,
"23202",1b0a499b-d2fc-4c31-ba08-282754f92034,,"4373","1",Bar do Cuscuz,Entrada,Bar do Cuscuz,2025/11/18 07:12:53.299,,2025/11/18 09:35:05.801,"1","1",,e140c9e1-103a-4f12-bc9a-1c6367d10209,
"23198",e61ad7ba-1f78-4303-a159-0ce292918651,,"4373","1",Mix Mateus Bongi - Recife,Entrada,Mix Mateus Bongi - Recife,2025/11/18 07:12:53.299,,2025/11/18 09:35:05.801,"1","1",,273f301b-b716-44fe-9518-773233980220,
"23156",9935e1ac-4d79-495f-bf45-ea72f74e6f74,,"4373","1",UPA Curado,Entrada,,2025/11/18 07:12:53.299,,2025/11/18 09:35:05.801,"1","1",,6033d28b-8a9c-4784-b874-abe5ee61a65c,
"301",a67785cd-bc40-4691-a492-1fb9fffefd53,,"4373","1",Shopping Guararapes,Entrada 1,Shopping Guararapes,2025/11/18 07:12:53.299,,2025/11/18 09:35:05.801,"1","0",,fdb2762d-52fb-40db-9776-e7a6495a1413,
"23268",0cd9e630-46fe-438f-b909-c07ed0dcbbc9,,"4373","1",Mercado de Boa Viagem,Entrada principal,Mercado de Boa Viagem,2025/11/18 07:12:53.299,,2025/11/18 09:35:05.801,"1","1",,d2376f56-1867-4304-a3e6-fb8efadabb2b,
"23229",2b586fa7-6d69-44ed-8de9-9cfe6919d185,,"4373","1",Centro de Convenções de Pernambuco,Entrada 2,Centro de Convenções de Pernambuco,2025/11/18 07:12:53.299,,2025/11/18 09:35:05.801,"1","0",,5ffba5d5-02c8-4b03-8863-85c88b4865f0,
"23242",dc5215ce-8808-4827-8afd-262848b59743,,"4373","1",Unibra Campus I,Entrada,Unibra Campus I,2025/11/18 07:12:53.299,,2025/11/18 09:35:05.801,"1","1",,9117d6b8-56e5-41aa-a311-cda8c1314d44,
"282",c7b6a02a-20c4-4fa4-a275-2a0970f91e39,,"4373","1",Mix Mateus Janga,Entrada,Mix Mateus Janga,2025/11/18 07:12:53.299,,2025/11/18 09:35:05.801,"1","1",,c0053f71-b596-4752-9216-1eea293dc39a,
"23031",6bdbef96-8beb-4824-854d-29a84fb1a89b,,"0","1",CEASA Pernambuco,Cancela Entrada e Saída,,2025/11/18 07:12:53.299,2025/11/03 15:19:18.673,2025/11/18 09:35:05.801,"1","0",,,
"23175",7fc7c9df-3691-4719-be51-bd8f947c73f7,,"4373","1",Novo Atacarejo Muribeca,Entrada,,2025/11/18 07:12:53.299,,2025/11/18 09:35:05.801,"1","1",,fa3ae44c-b5d3-4395-a242-41922cfaf8ad,
"22256",f541d5d8-0c83-4916-818a-78e3d7923dc4,,"4373","1",Mercado das Mangueiras,Entrada 2,Mercado das Mangueiras,2025/11/18 07:12:53.299,2025/08/13 12:08:59.777,2025/11/18 09:35:05.801,"1","0",,369f0936-f5df-47a9-82ff-60fdae40c8a9,
"23092",c6f8209e-9dcc-476c-a830-2d925369f7eb,,"4373","1",Mix Mateus Peixinhos,Mix Mateus Peixinhos,,2025/11/18 07:12:53.299,,2025/11/18 09:35:05.801,"1","1",,895def91-e05d-40c3-a33f-6559bf369328,
"23317",dc551b32-5282-4d78-9cff-9f0340b62eb9,,"4373","1",Assaí Atacadista,Entrada,,2025/11/18 07:12:53.299,,2025/11/18 09:35:05.801,"1","1",,eed1efb4-0e6c-4454-b431-2f1977b78a28,
"23035",7a2a8288-d666-4a06-b28d-04388714751e,,"0","1",CEASA Pernambuco,Entrada,CEASA Pernambuco,2025/11/18 07:12:53.299,2025/11/03 15:19:18.673,2025/11/18 09:35:05.801,"1","0",,,
"23350",d11d128d-cb14-4d09-b10e-9cdb08e47db6,,"4373","1",Caixa Econômica Federal,Entrada,Caixa Econômica Federal,2025/11/18 07:12:53.299,,2025/11/18 09:35:05.801,"1","1",,eb3da46a-6645-4d3e-a8fe-cde202e467e3,
"23033",456c898e-0562-44b8-afca-1db3ddc7f783,,"4373","1",CEASA Pernambuco,CEASA rotatória,CEASA Pernambuco,2025/11/18 07:12:53.299,2025/09/05 06:39:36.602,2025/11/18 09:35:05.801,"1","0",,,
"23179",5c30ebfa-8d16-4b75-b6f6-0a80eeb6cd50,,"4373","1",Gildo Lanches,Gildo Lanches,NUGildo LanchesLL,2025/11/18 07:12:53.299,2025/11/13 14:30:04.655,2025/11/18 09:35:05.801,"0","1",,efa3c87a-e50e-4804-bb39-ea9c50dc8aff,
"23183",0be78ca7-643a-4454-a7b1-3d132868ac4c,,"4373","1",Novo Atacarejo Paulista,Entrada,Novo Atacarejo Paulista,2025/11/18 07:12:53.299,,2025/11/18 09:35:05.801,"1","1",,25c71f0f-3b34-481e-9616-79e9963845e4,
"23186",1abf2871-97f6-4f0a-98a7-bc897558550f,,"4373","1",Center Doces,Entrada,Center Doces,2025/11/18 07:12:53.299,,2025/11/18 09:35:05.801,"1","1",,b5434c7a-6d0e-4b73-afa5-fef12bbb8e80,
"23034",08aad1fe-015d-4f05-bfb3-9a6277cb7b14,,"4373","1",CEASA Pernambuco,Descontao CEASA,CEASA Pernambuco,2025/11/18 07:12:53.299,2025/09/05 06:39:36.602,2025/11/18 09:35:05.801,"1","0",,,
"275",89446546-1ac0-43cd-ba32-cfb4b48dd980,,"4373","1",Shopping Patteo Olinda,Saida,Shopping Patteo Olinda,2025/11/18 07:12:53.299,2025/08/13 09:40:06.663,2025/11/18 09:35:05.801,"1","0",,de006cc9-4688-4cd7-bdba-cf7edd0d9f43,
"290",547c3ad4-3a50-4d78-9334-c5d5a9f1679b,,"4373","1",Shopping Patteo Olinda,Entrada 2,Shopping Patteo Olinda,2025/11/18 07:12:53.299,2025/08/13 09:40:13.294,2025/11/18 09:35:05.801,"1","0",,de006cc9-4688-4cd7-bdba-cf7edd0d9f43,
"23155",43f2e890-b020-4479-a94c-2430a842a258,,"4373","1",Tititi Motel,Entrada,,2025/11/18 07:12:53.299,,2025/11/18 09:35:05.801,"1","1",,f1ad36b3-452c-4835-8ecb-e8c42908bf58,
"23168",324bf35e-a4ba-4cab-b346-6a47a8ada47d,,"4373","1",Mix Mateus Maranguape I,Mix Mateus Maranguape I,Mix Mateus Maranguape I,2025/11/18 07:12:53.299,2025/11/13 14:30:04.655,2025/11/18 09:35:05.801,"0","1",,72a543e6-041a-48e8-84c0-a9c751bb3f3d,
"23167",ecf93304-4f87-4e82-9a8b-b5b410e5a33c,,"4373","1",Mix Mateus Maranguape I,Entrada,Mix Mateus Maranguape I,2025/11/18 07:12:53.299,,2025/11/18 09:35:05.801,"1","1",,72a543e6-041a-48e8-84c0-a9c751bb3f3d,
"23180",61a39a90-a674-46fa-a176-9b1d0377372f,,"4373","1",UPA 24h Germano Coelho - Rio Doce,Emergencia,UPA 24h Germano Coelho - Rio Doce,2025/11/18 07:12:53.299,,2025/11/18 09:35:05.801,"1","0",,781b72da-98b8-432a-8847-6da7b5b9ec06,
"23181",945f4c73-3e05-485b-8cba-46c711bcf119,,"4373","1",UPA 24h Germano Coelho - Rio Doce,Entrada,UPA 24h Germano Coelho - Rio Doce,2025/11/18 07:12:53.299,,2025/11/18 09:35:05.801,"1","0",,781b72da-98b8-432a-8847-6da7b5b9ec06,
"23325",4f2e0681-4ae4-49f0-8705-c3ebf25dd92d,,"4373","1",Residencial Julia Beatriz,Entrada,NUResidencial Julia BeatrizLL,2025/11/18 07:12:53.299,,2025/11/18 09:35:05.801,"1","1",,6aa0d868-a727-4d1a-b932-6968a60dae3e,
"23240",3ca42d28-034a-46a8-bdb5-39272642f64a,,"4373","1",Home Center Ferreira Costa Imbiribeira,Entrada,Home Center Ferreira Costa Imbiribeira,2025/11/18 07:12:53.299,,2025/11/18 09:35:05.801,"1","1",,b6a657d2-99bf-40b7-ae79-f17f570c906f,
"23200",97641da2-f84a-412d-94a4-d85a02162a50,,"4373","1",Assaí Atacadista,Entrada,,2025/11/18 07:12:53.299,,2025/11/18 09:35:05.801,"1","1",,54b78bab-8ae2-4950-9604-215bed607e6d,
"272",a39608f4-96a3-46bc-90a3-b2ef298c91e9,,"4373","1",Camará Shopping,Parada 2,Camará Shopping,2025/11/18 07:12:53.299,,2025/11/18 09:35:05.801,"1","0",,8ab3d8fd-8502-4ac8-bea4-15c6a50caa88,
"23145",311638cb-dd50-4b5b-944c-f2087d92cb5e,,"4373","1",UPA Paulista,Emergência,,2025/11/18 07:12:53.299,,2025/11/18 09:35:05.801,"1","1",,21991765-4756-4cb7-b10e-40d17221bd32,
"23141",9a118107-e371-43e3-975f-bae9ba87694b,,"4373","1",Hospital Barão de Lucena,Entrada,,2025/11/18 07:12:53.299,,2025/11/18 09:35:05.801,"1","1",,888a098f-a866-4547-92f4-1e8aaef78c3d,
